,user_id,gender,age
0,1,1,1
1,2,0,56
2,3,0,25
3,4,0,45
4,5,0,25
5,6,1,50
6,7,0,35
7,8,0,25
8,9,0,25
9,10,1,35
10,11,1,25
11,12,0,25
12,13,0,45
13,14,0,35
14,15,0,25
15,16,1,35
16,17,0,50
17,18,1,18
18,19,0,1
19,20,0,25
20,21,0,18
21,22,0,18
22,23,0,35
23,24,1,25
24,25,0,18
25,26,0,25
26,27,0,25
27,28,1,25
28,29,0,35
29,30,1,35
30,31,0,56
31,32,1,25
32,33,0,45
33,34,1,18
34,35,0,45
35,36,0,25
36,37,1,25
37,38,1,18
38,39,0,18
39,40,0,45
40,41,1,18
41,42,0,25
42,43,0,25
43,44,0,45
44,45,1,45
45,46,0,18
46,47,0,18
47,48,0,25
48,49,0,18
49,50,1,25
50,51,1,1
51,52,0,18
52,53,0,25
53,54,0,50
54,55,1,35
55,56,0,35
56,57,0,18
57,58,0,25
58,59,1,50
59,60,0,50
60,61,0,25
61,62,1,35
62,63,0,18
63,64,0,18
64,65,0,35
65,66,0,25
66,67,1,50
67,68,0,18
68,69,1,25
69,70,0,18
70,71,0,25
71,72,1,45
72,73,0,18
73,74,0,35
74,75,1,1
75,76,0,35
76,77,0,18
77,78,1,45
78,79,1,45
79,80,0,56
80,81,1,25
81,82,0,25
82,83,1,25
83,84,0,18
84,85,0,18
85,86,1,1
86,87,0,25
87,88,1,45
88,89,1,56
89,90,0,56
90,91,0,35
91,92,1,18
92,93,0,25
93,94,0,25
94,95,0,45
95,96,1,25
96,97,1,35
97,98,1,35
98,99,1,1
99,100,0,35
100,101,1,18
101,102,0,35
102,103,0,45
103,104,0,25
104,105,0,45
105,106,1,35
106,107,0,45
107,108,0,25
108,109,0,45
109,110,0,25
110,111,0,35
111,112,0,25
112,113,0,18
113,114,1,25
114,115,0,25
115,116,0,25
116,117,0,25
117,118,0,35
118,119,1,1
119,120,0,25
120,121,0,35
121,122,1,18
122,123,0,35
123,124,0,56
124,125,0,45
125,126,0,18
126,127,1,45
127,128,0,56
128,129,0,25
129,130,0,35
130,131,0,18
131,132,0,25
132,133,1,25
133,134,0,25
134,135,0,18
135,136,0,18
136,137,1,45
137,138,0,18
138,139,1,25
139,140,1,35
140,141,0,35
141,142,0,25
142,143,0,18
143,144,0,25
144,145,0,18
145,146,1,35
146,147,0,18
147,148,0,50
148,149,0,25
149,150,0,35
150,151,1,25
151,152,0,18
152,153,0,1
153,154,0,50
154,155,0,35
155,156,1,45
156,157,0,35
157,158,0,56
158,159,1,45
159,160,0,35
160,161,0,45
161,162,1,18
162,163,0,18
163,164,1,56
164,165,0,18
165,166,0,18
166,167,1,25
167,168,1,50
168,169,0,25
169,170,0,25
170,171,1,50
171,172,0,25
172,173,0,25
173,174,0,25
174,175,1,25
175,176,1,18
176,177,0,50
177,178,0,56
178,179,0,25
179,180,0,45
180,181,0,18
181,182,0,18
182,183,1,45
183,184,1,25
184,185,0,45
185,186,0,18
186,187,1,45
187,188,0,56
188,189,0,18
189,190,0,25
190,191,0,18
191,192,0,18
192,193,1,45
193,194,1,1
194,195,0,25
195,196,1,35
196,197,0,18
197,198,0,25
198,199,0,18
199,200,1,18
200,201,1,35
201,202,0,18
202,203,1,18
203,204,0,25
204,205,0,35
205,206,0,25
206,207,0,25
207,208,0,35
208,209,0,35
209,210,1,1
210,211,0,45
211,212,0,25
212,213,1,18
213,214,0,18
214,215,0,35
215,216,0,45
216,217,0,18
217,218,0,35
218,219,1,25
219,220,0,25
220,221,1,25
221,222,0,25
222,223,0,25
223,224,1,18
224,225,0,25
225,226,0,35
226,227,0,35
227,228,0,25
228,229,0,18
229,230,0,45
230,231,0,25
231,232,0,25
232,233,1,45
233,234,0,35
234,235,0,25
235,236,0,25
236,237,0,25
237,238,1,50
238,239,0,18
239,240,0,50
240,241,0,35
241,242,1,18
242,243,0,25
243,244,0,50
244,245,0,35
245,246,1,18
246,247,0,25
247,248,0,18
248,249,1,18
249,250,0,35
250,251,0,56
251,252,0,25
252,253,1,25
253,254,0,35
254,255,0,35
255,256,0,45
256,257,0,18
257,258,0,25
258,259,0,25
259,260,0,18
260,261,0,25
261,262,1,25
262,263,1,25
263,264,0,35
264,265,1,35
265,266,0,35
266,267,0,45
267,268,1,18
268,269,0,25
269,270,0,50
270,271,0,18
271,272,0,18
272,273,0,18
273,274,0,18
274,275,0,25
275,276,0,45
276,277,1,35
277,278,0,45
278,279,0,25
279,280,0,50
280,281,1,35
281,282,0,25
282,283,0,25
283,284,0,25
284,285,1,35
285,286,0,25
286,287,0,50
287,288,1,25
288,289,1,25
289,290,1,25
290,291,0,35
291,292,0,35
292,293,0,56
293,294,1,45
294,295,0,18
295,296,0,50
296,297,0,18
297,298,1,18
298,299,0,25
299,300,0,25
300,301,0,18
301,302,0,18
302,303,0,25
303,304,0,25
304,305,1,18
305,306,0,18
306,307,0,50
307,308,0,25
308,309,0,25
309,310,1,18
310,311,0,18
311,312,1,50
312,313,1,18
313,314,1,56
314,315,1,56
315,316,0,56
316,317,0,35
317,318,1,56
318,319,1,50
319,320,0,35
320,321,0,18
321,322,0,56
322,323,0,45
323,324,0,35
324,325,1,50
325,326,0,50
326,327,0,35
327,328,0,35
328,329,0,35
329,330,0,56
330,331,0,25
331,332,0,50
332,333,0,35
333,334,1,56
334,335,0,35
335,336,0,18
336,337,0,18
337,338,0,35
338,339,0,50
339,340,1,25
340,341,1,56
341,342,0,18
342,343,1,35
343,344,0,35
344,345,0,25
345,346,1,25
346,347,1,56
347,348,0,50
348,349,0,1
349,350,0,45
350,351,0,18
351,352,0,18
352,353,1,35
353,354,0,35
354,355,0,18
355,356,0,56
356,357,0,18
357,358,1,56
358,359,0,25
359,360,0,35
360,361,1,25
361,362,0,35
362,363,0,18
363,364,1,35
364,365,1,18
365,366,0,50
366,367,0,50
367,368,0,25
368,369,0,35
369,370,0,18
370,371,0,18
371,372,1,18
372,373,1,25
373,374,1,35
374,375,0,25
375,376,0,35
376,377,0,25
377,378,1,18
378,379,1,35
379,380,0,25
380,381,0,35
381,382,1,35
382,383,1,25
383,384,0,25
384,385,0,25
385,386,0,25
386,387,1,35
387,388,1,25
388,389,0,25
389,390,0,25
390,391,0,45
391,392,0,18
392,393,0,35
393,394,0,18
394,395,0,18
395,396,0,25
396,397,0,35
397,398,0,25
398,399,1,35
399,400,1,18
400,401,0,18
401,402,0,25
402,403,0,18
403,404,0,18
404,405,0,56
405,406,0,25
406,407,0,18
407,408,0,25
408,409,0,18
409,410,1,25
410,411,1,45
411,412,0,35
412,413,0,25
413,414,0,25
414,415,1,35
415,416,0,45
416,417,1,25
417,418,1,25
418,419,0,18
419,420,0,35
420,421,1,45
421,422,0,56
422,423,0,18
423,424,0,25
424,425,0,25
425,426,0,18
426,427,0,35
427,428,1,18
428,429,0,18
429,430,1,18
430,431,0,18
431,432,0,45
432,433,0,50
433,434,1,45
434,435,0,25
435,436,0,18
436,437,0,35
437,438,0,18
438,439,0,35
439,440,0,56
440,441,0,35
441,442,0,25
442,443,0,25
443,444,0,56
444,445,0,45
445,446,1,50
446,447,1,45
447,448,0,25
448,449,0,25
449,450,0,45
450,451,0,56
451,452,0,50
452,453,0,18
453,454,0,25
454,455,1,35
455,456,0,35
456,457,0,18
457,458,0,50
458,459,1,18
459,460,0,45
460,461,0,50
461,462,0,18
462,463,0,25
463,464,1,18
464,465,0,18
465,466,0,25
466,467,1,35
467,468,1,1
468,469,0,35
469,470,1,1
470,471,0,35
471,472,0,35
472,473,1,18
473,474,0,25
474,475,1,25
475,476,0,35
476,477,0,35
477,478,0,50
478,479,0,25
479,480,1,18
480,481,0,45
481,482,0,25
482,483,0,18
483,484,1,1
484,485,0,56
485,486,0,56
486,487,1,35
487,488,0,25
488,489,0,18
489,490,0,1
490,491,0,18
491,492,0,25
492,493,0,50
493,494,1,35
494,495,0,18
495,496,0,18
496,497,1,25
497,498,0,35
498,499,1,25
499,500,1,18
500,501,0,25
501,502,0,35
502,503,0,35
503,504,0,25
504,505,0,35
505,506,0,25
506,507,1,25
507,508,0,25
508,509,0,25
509,510,0,18
510,511,1,45
511,512,0,35
512,513,0,25
513,514,0,25
514,515,0,25
515,516,1,56
516,517,1,25
517,518,1,35
518,519,1,35
519,520,1,35
520,521,0,56
521,522,0,25
522,523,0,50
523,524,0,18
524,525,0,35
525,526,0,45
526,527,1,25
527,528,1,18
528,529,0,35
529,530,0,25
530,531,1,18
531,532,0,25
532,533,0,25
533,534,0,25
534,535,0,35
535,536,0,25
536,537,0,45
537,538,0,56
538,539,0,25
539,540,0,18
540,541,1,18
541,542,0,18
542,543,0,25
543,544,0,35
544,545,0,35
545,546,1,25
546,547,0,35
547,548,1,35
548,549,0,25
549,550,0,45
550,551,0,35
551,552,0,50
552,553,0,25
553,554,0,25
554,555,0,18
555,556,1,25
556,557,0,56
557,558,0,35
558,559,1,25
559,560,0,45
560,561,1,18
561,562,0,35
562,563,0,25
563,564,0,45
564,565,0,25
565,566,0,25
566,567,0,35
567,568,1,50
568,569,1,18
569,570,0,25
570,571,0,50
571,572,0,18
572,573,1,35
573,574,0,25
574,575,0,25
575,576,1,45
576,577,0,35
577,578,0,18
578,579,0,25
579,580,0,1
580,581,0,50
581,582,0,18
582,583,1,25
583,584,1,25
584,585,0,18
585,586,0,35
586,587,0,25
587,588,1,25
588,589,0,18
589,590,1,35
590,591,0,25
591,592,0,18
592,593,1,50
593,594,1,56
594,595,0,25
595,596,1,25
596,597,0,35
597,598,0,35
598,599,0,50
599,600,0,35
600,601,1,18
601,602,1,56
602,603,1,25
603,604,0,45
604,605,1,18
605,606,1,1
606,607,0,25
607,608,0,18
608,609,0,25
609,610,0,25
610,611,0,35
611,612,0,50
612,613,0,35
613,614,0,35
614,615,0,50
615,616,0,25
616,617,1,25
617,618,0,25
618,619,1,18
619,620,0,18
620,621,0,18
621,622,0,25
622,623,0,25
623,624,0,25
624,625,1,35
625,626,0,18
626,627,0,50
627,628,1,35
628,629,1,1
629,630,1,35
630,631,0,35
631,632,0,45
632,633,0,25
633,634,1,1
634,635,0,56
635,636,0,18
636,637,0,35
637,638,0,25
638,639,0,45
639,640,0,18
640,641,1,35
641,642,1,35
642,643,0,25
643,644,0,25
644,645,0,35
645,646,0,35
646,647,0,35
647,648,1,25
648,649,0,25
649,650,0,25
650,651,0,35
651,652,0,18
652,653,0,56
653,654,0,50
654,655,1,25
655,656,1,45
656,657,1,50
657,658,1,25
658,659,1,25
659,660,0,45
660,661,0,45
661,662,0,18
662,663,1,25
663,664,0,35
664,665,0,18
665,666,1,18
666,667,0,25
667,668,1,25
668,669,0,25
669,670,0,25
670,671,0,18
671,672,0,35
672,673,0,25
673,674,0,25
674,675,0,25
675,676,0,18
676,677,0,50
677,678,0,25
678,679,0,35
679,680,0,25
680,681,0,35
681,682,0,25
682,683,0,25
683,684,0,25
684,685,0,25
685,686,0,18
686,687,1,25
687,688,0,56
688,689,1,50
689,690,0,25
690,691,0,35
691,692,1,25
692,693,0,35
693,694,0,18
694,695,1,18
695,696,0,25
696,697,1,50
697,698,0,18
698,699,0,18
699,700,0,50
700,701,1,18
701,702,0,35
702,703,1,56
703,704,1,35
704,705,0,25
705,706,0,35
706,707,0,35
707,708,0,25
708,709,0,18
709,710,0,25
710,711,0,25
711,712,0,25
712,713,0,35
713,714,0,18
714,715,0,18
715,716,0,18
716,717,0,25
717,718,0,18
718,719,0,1
719,720,0,18
720,721,1,35
721,722,0,25
722,723,0,25
723,724,0,50
724,725,0,56
725,726,1,25
726,727,0,35
727,728,0,25
728,729,0,35
729,730,0,25
730,731,0,45
731,732,0,25
732,733,0,35
733,734,0,25
734,735,0,25
735,736,0,18
736,737,0,1
737,738,0,18
738,739,0,35
739,740,0,25
740,741,0,25
741,742,0,18
742,743,1,1
743,744,0,25
744,745,0,1
745,746,1,18
746,747,0,18
747,748,0,25
748,749,0,35
749,750,1,35
750,751,1,25
751,752,1,25
752,753,0,1
753,754,0,35
754,755,1,35
755,756,0,35
756,757,0,25
757,758,0,35
758,759,1,56
759,760,0,56
760,761,0,18
761,762,0,1
762,763,0,18
763,764,0,18
764,765,0,25
765,766,1,25
766,767,0,25
767,768,0,25
768,769,0,45
769,770,0,18
770,771,1,50
771,772,0,18
772,773,0,25
773,774,0,18
774,775,0,1
775,776,1,25
776,777,0,18
777,778,0,18
778,779,0,25
779,780,0,25
780,781,0,18
781,782,0,56
782,783,0,25
783,784,0,18
784,785,0,18
785,786,0,25
786,787,0,18
787,788,0,25
788,789,0,18
789,790,0,25
790,791,0,35
791,792,0,25
792,793,1,35
793,794,0,50
794,795,1,35
795,796,0,50
796,797,1,50
797,798,1,25
798,799,1,25
799,800,1,35
800,801,1,25
801,802,0,25
802,803,0,18
803,804,0,25
804,805,0,35
805,806,0,35
806,807,0,18
807,808,0,25
808,809,0,25
809,810,0,25
810,811,0,50
811,812,0,25
812,813,0,18
813,814,1,18
814,815,0,25
815,816,0,45
816,817,0,18
817,818,0,18
818,819,0,35
819,820,0,35
820,821,0,18
821,822,1,25
822,823,0,25
823,824,0,35
824,825,0,56
825,826,1,35
826,827,0,45
827,828,0,18
828,829,0,1
829,830,0,35
830,831,1,45
831,832,0,18
832,833,0,35
833,834,1,35
834,835,0,56
835,836,0,25
836,837,0,56
837,838,0,50
838,839,0,25
839,840,1,25
840,841,1,50
841,842,1,18
842,843,0,25
843,844,0,25
844,845,1,18
845,846,0,25
846,847,1,25
847,848,0,25
848,849,0,25
849,850,0,35
850,851,0,18
851,852,0,25
852,853,0,25
853,854,1,25
854,855,1,18
855,856,1,45
856,857,0,35
857,858,0,35
858,859,0,25
859,860,0,18
860,861,0,25
861,862,0,35
862,863,0,25
863,864,1,25
864,865,0,35
865,866,0,1
866,867,0,45
867,868,0,50
868,869,0,18
869,870,1,25
870,871,0,1
871,872,0,50
872,873,0,56
873,874,0,45
874,875,0,1
875,876,0,25
876,877,0,25
877,878,0,18
878,879,0,45
879,880,0,35
880,881,0,18
881,882,0,18
882,883,1,35
883,884,0,1
884,885,0,35
885,886,1,56
886,887,1,56
887,888,1,1
888,889,0,45
889,890,0,18
890,891,0,25
891,892,0,35
892,893,1,50
893,894,0,18
894,895,0,50
895,896,0,18
896,897,0,25
897,898,0,25
898,899,1,25
899,900,1,56
900,901,1,56
901,902,0,56
902,903,0,56
903,904,0,35
904,905,1,45
905,906,0,1
906,907,1,45
907,908,1,50
908,909,0,45
909,910,1,50
910,911,0,50
911,912,1,35
912,913,0,25
913,914,1,35
914,915,0,25
915,916,1,25
916,917,0,50
917,918,1,45
918,919,1,35
919,920,0,18
920,921,0,25
921,922,0,56
922,923,0,25
923,924,0,50
924,925,1,35
925,926,0,1
926,927,1,25
927,928,1,56
928,929,0,25
929,930,0,25
930,931,1,56
931,932,1,35
932,933,0,45
933,934,1,35
934,935,0,35
935,936,0,18
936,937,0,25
937,938,1,25
938,939,1,25
939,940,0,1
940,941,0,18
941,942,1,50
942,943,1,45
943,944,0,35
944,945,0,45
945,946,0,35
946,947,0,18
947,948,0,56
948,949,0,50
949,950,0,35
950,951,0,45
951,952,0,56
952,953,0,50
953,954,1,25
954,955,1,50
955,956,0,35
956,957,0,35
957,958,0,35
958,959,0,50
959,960,0,1
960,961,0,18
961,962,1,25
962,963,0,25
963,964,0,25
964,965,0,56
965,966,0,56
966,967,1,18
967,968,0,50
968,969,1,25
969,970,0,25
970,971,0,25
971,972,0,45
972,973,1,25
973,974,0,35
974,975,0,35
975,976,0,35
976,977,0,25
977,978,0,18
978,979,0,1
979,980,0,25
980,981,0,25
981,982,1,25
982,983,1,25
983,984,0,50
984,985,0,25
985,986,1,56
986,987,1,35
987,988,0,50
988,989,0,50
989,990,0,18
990,991,1,25
991,992,1,35
992,993,0,25
993,994,0,18
994,995,1,18
995,996,0,25
996,997,0,1
997,998,0,45
998,999,0,25
999,1000,1,25
1000,1001,0,25
1001,1002,0,50
1002,1003,0,25
1003,1004,0,25
1004,1005,0,35
1005,1006,0,18
1006,1007,0,50
1007,1008,0,35
1008,1009,0,50
1009,1010,0,25
1010,1011,0,25
1011,1012,1,35
1012,1013,0,56
1013,1014,1,45
1014,1015,0,35
1015,1016,0,56
1016,1017,0,35
1017,1018,0,18
1018,1019,0,35
1019,1020,0,18
1020,1021,0,35
1021,1022,0,25
1022,1023,0,56
1023,1024,1,35
1024,1025,0,25
1025,1026,1,45
1026,1027,0,18
1027,1028,1,45
1028,1029,0,25
1029,1030,0,25
1030,1031,0,35
1031,1032,0,50
1032,1033,0,25
1033,1034,1,35
1034,1035,0,18
1035,1036,0,35
1036,1037,0,45
1037,1038,1,56
1038,1039,1,35
1039,1040,0,25
1040,1041,0,45
1041,1042,0,35
1042,1043,1,50
1043,1044,0,25
1044,1045,1,1
1045,1046,0,56
1046,1047,0,18
1047,1048,0,35
1048,1049,0,45
1049,1050,0,25
1050,1051,1,25
1051,1052,1,35
1052,1053,0,35
1053,1054,0,1
1054,1055,0,35
1055,1056,0,1
1056,1057,0,45
1057,1058,0,25
1058,1059,1,25
1059,1060,0,18
1060,1061,0,45
1061,1062,0,50
1062,1063,0,35
1063,1064,0,25
1064,1065,1,25
1065,1066,0,45
1066,1067,0,35
1067,1068,1,18
1068,1069,0,25
1069,1070,1,45
1070,1071,0,50
1071,1072,1,35
1072,1073,1,25
1073,1074,0,45
1074,1075,1,25
1075,1076,1,25
1076,1077,0,25
1077,1078,1,45
1078,1079,0,25
1079,1080,0,56
1080,1081,0,18
1081,1082,0,45
1082,1083,0,56
1083,1084,0,1
1084,1085,0,25
1085,1086,0,18
1086,1087,0,25
1087,1088,1,1
1088,1089,0,35
1089,1090,0,25
1090,1091,0,18
1091,1092,1,18
1092,1093,0,50
1093,1094,1,18
1094,1095,1,56
1095,1096,0,1
1096,1097,0,18
1097,1098,0,35
1098,1099,0,25
1099,1100,0,25
1100,1101,0,35
1101,1102,0,18
1102,1103,1,45
1103,1104,0,35
1104,1105,0,35
1105,1106,0,18
1106,1107,1,50
1107,1108,0,56
1108,1109,0,18
1109,1110,1,56
1110,1111,1,50
1111,1112,0,18
1112,1113,0,18
1113,1114,1,18
1114,1115,1,25
1115,1116,0,25
1116,1117,0,18
1117,1118,0,50
1118,1119,0,35
1119,1120,0,18
1120,1121,0,56
1121,1122,0,56
1122,1123,0,50
1123,1124,0,25
1124,1125,1,18
1125,1126,0,56
1126,1127,0,25
1127,1128,0,25
1128,1129,0,35
1129,1130,0,18
1130,1131,0,56
1131,1132,0,18
1132,1133,0,18
1133,1134,0,18
1134,1135,0,50
1135,1136,1,35
1136,1137,0,18
1137,1138,0,18
1138,1139,0,25
1139,1140,1,45
1140,1141,1,25
1141,1142,0,18
1142,1143,0,50
1143,1144,0,25
1144,1145,0,50
1145,1146,1,18
1146,1147,0,25
1147,1148,0,35
1148,1149,0,25
1149,1150,1,25
1150,1151,0,25
1151,1152,0,18
1152,1153,0,18
1153,1154,1,1
1154,1155,0,25
1155,1156,1,50
1156,1157,0,45
1157,1158,1,35
1158,1159,0,18
1159,1160,0,18
1160,1161,0,25
1161,1162,1,35
1162,1163,0,1
1163,1164,1,25
1164,1165,0,25
1165,1166,0,56
1166,1167,1,50
1167,1168,1,25
1168,1169,0,25
1169,1170,0,56
1170,1171,0,45
1171,1172,1,25
1172,1173,1,25
1173,1174,1,18
1174,1175,1,25
1175,1176,0,56
1176,1177,1,25
1177,1178,0,56
1178,1179,0,50
1179,1180,1,50
1180,1181,0,35
1181,1182,0,1
1182,1183,0,35
1183,1184,1,25
1184,1185,1,35
1185,1186,0,18
1186,1187,1,1
1187,1188,0,45
1188,1189,0,25
1189,1190,0,45
1190,1191,1,35
1191,1192,0,50
1192,1193,0,25
1193,1194,1,25
1194,1195,1,1
1195,1196,1,18
1196,1197,0,35
1197,1198,0,1
1198,1199,0,50
1199,1200,0,1
1200,1201,0,18
1201,1202,0,35
1202,1203,1,25
1203,1204,0,25
1204,1205,1,56
1205,1206,1,50
1206,1207,0,50
1207,1208,0,25
1208,1209,0,35
1209,1210,0,25
1210,1211,0,18
1211,1212,1,50
1212,1213,0,50
1213,1214,0,56
1214,1215,0,35
1215,1216,0,25
1216,1217,0,25
1217,1218,0,56
1218,1219,0,25
1219,1220,0,1
1220,1221,0,18
1221,1222,0,35
1222,1223,0,25
1223,1224,0,50
1224,1225,0,45
1225,1226,0,18
1226,1227,0,50
1227,1228,0,25
1228,1229,1,25
1229,1230,0,25
1230,1231,0,25
1231,1232,1,18
1232,1233,1,45
1233,1234,0,18
1234,1235,1,25
1235,1236,1,25
1236,1237,0,18
1237,1238,1,35
1238,1239,1,25
1239,1240,1,18
1240,1241,0,1
1241,1242,1,35
1242,1243,0,35
1243,1244,0,25
1244,1245,0,25
1245,1246,0,18
1246,1247,0,35
1247,1248,1,35
1248,1249,0,35
1249,1250,0,50
1250,1251,0,25
1251,1252,0,56
1252,1253,1,35
1253,1254,1,18
1254,1255,0,25
1255,1256,0,25
1256,1257,1,18
1257,1258,0,45
1258,1259,0,35
1259,1260,0,25
1260,1261,0,18
1261,1262,0,25
1262,1263,0,1
1263,1264,0,25
1264,1265,1,18
1265,1266,0,25
1266,1267,0,25
1267,1268,0,50
1268,1269,1,56
1269,1270,0,25
1270,1271,1,45
1271,1272,0,18
1272,1273,0,35
1273,1274,0,45
1274,1275,0,50
1275,1276,0,35
1276,1277,1,18
1277,1278,0,18
1278,1279,0,35
1279,1280,0,1
1280,1281,0,25
1281,1282,0,50
1282,1283,1,18
1283,1284,0,45
1284,1285,0,35
1285,1286,0,35
1286,1287,1,50
1287,1288,1,35
1288,1289,0,45
1289,1290,0,35
1290,1291,1,35
1291,1292,0,25
1292,1293,0,25
1293,1294,1,50
1294,1295,1,35
1295,1296,0,1
1296,1297,0,25
1297,1298,0,35
1298,1299,0,25
1299,1300,0,1
1300,1301,1,25
1301,1302,0,18
1302,1303,0,25
1303,1304,0,25
1304,1305,0,45
1305,1306,0,25
1306,1307,0,56
1307,1308,0,1
1308,1309,0,25
1309,1310,0,45
1310,1311,0,18
1311,1312,0,25
1312,1313,0,18
1313,1314,1,18
1314,1315,0,35
1315,1316,0,50
1316,1317,0,45
1317,1318,0,18
1318,1319,1,25
1319,1320,0,25
1320,1321,1,25
1321,1322,0,56
1322,1323,1,35
1323,1324,0,35
1324,1325,0,25
1325,1326,1,25
1326,1327,0,1
1327,1328,0,35
1328,1329,0,18
1329,1330,0,56
1330,1331,0,45
1331,1332,0,25
1332,1333,0,25
1333,1334,0,50
1334,1335,0,35
1335,1336,1,50
1336,1337,0,56
1337,1338,0,25
1338,1339,0,35
1339,1340,0,25
1340,1341,0,18
1341,1342,0,35
1342,1343,0,35
1343,1344,1,25
1344,1345,1,25
1345,1346,0,35
1346,1347,1,18
1347,1348,1,1
1348,1349,0,50
1349,1350,1,35
1350,1351,1,25
1351,1352,0,35
1352,1353,0,1
1353,1354,1,25
1354,1355,1,45
1355,1356,1,18
1356,1357,0,45
1357,1358,0,35
1358,1359,0,35
1359,1360,0,25
1360,1361,1,25
1361,1362,0,35
1362,1363,0,50
1363,1364,1,45
1364,1365,1,1
1365,1366,0,1
1366,1367,0,25
1367,1368,1,25
1368,1369,0,25
1369,1370,0,35
1370,1371,1,50
1371,1372,0,1
1372,1373,1,25
1373,1374,0,50
1374,1375,1,45
1375,1376,1,45
1376,1377,0,35
1377,1378,1,45
1378,1379,1,56
1379,1380,0,1
1380,1381,0,18
1381,1382,1,45
1382,1383,1,25
1383,1384,0,18
1384,1385,1,25
1385,1386,1,25
1386,1387,1,50
1387,1388,0,56
1388,1389,0,25
1389,1390,0,35
1390,1391,0,35
1391,1392,0,45
1392,1393,0,18
1393,1394,1,25
1394,1395,0,25
1395,1396,1,25
1396,1397,0,35
1397,1398,1,56
1398,1399,0,18
1399,1400,0,25
1400,1401,1,18
1401,1402,0,18
1402,1403,1,25
1403,1404,0,50
1404,1405,0,56
1405,1406,0,25
1406,1407,1,35
1407,1408,0,25
1408,1409,0,18
1409,1410,0,50
1410,1411,0,35
1411,1412,0,25
1412,1413,0,18
1413,1414,0,18
1414,1415,0,45
1415,1416,0,25
1416,1417,0,35
1417,1418,0,18
1418,1419,1,25
1419,1420,0,18
1420,1421,1,1
1421,1422,0,35
1422,1423,0,25
1423,1424,0,35
1424,1425,0,1
1425,1426,0,18
1426,1427,0,25
1427,1428,1,45
1428,1429,1,35
1429,1430,0,18
1430,1431,0,56
1431,1432,0,35
1432,1433,1,18
1433,1434,1,1
1434,1435,0,25
1435,1436,1,50
1436,1437,0,50
1437,1438,0,18
1438,1439,0,35
1439,1440,0,35
1440,1441,0,35
1441,1442,0,18
1442,1443,0,35
1443,1444,1,25
1444,1445,0,25
1445,1446,0,35
1446,1447,0,18
1447,1448,1,25
1448,1449,0,35
1449,1450,0,18
1450,1451,0,35
1451,1452,1,56
1452,1453,0,25
1453,1454,0,18
1454,1455,1,45
1455,1456,0,25
1456,1457,0,25
1457,1458,0,1
1458,1459,1,25
1459,1460,1,18
1460,1461,1,45
1461,1462,0,35
1462,1463,0,50
1463,1464,0,35
1464,1465,0,50
1465,1466,0,18
1466,1467,0,25
1467,1468,0,1
1468,1469,0,56
1469,1470,0,18
1470,1471,0,25
1471,1472,0,25
1472,1473,0,25
1473,1474,0,25
1474,1475,1,25
1475,1476,1,18
1476,1477,1,45
1477,1478,0,1
1478,1479,1,50
1479,1480,0,25
1480,1481,0,35
1481,1482,0,25
1482,1483,0,18
1483,1484,0,25
1484,1485,1,25
1485,1486,0,25
1486,1487,0,35
1487,1488,0,25
1488,1489,1,35
1489,1490,0,50
1490,1491,0,18
1491,1492,0,25
1492,1493,1,25
1493,1494,0,25
1494,1495,0,18
1495,1496,0,25
1496,1497,0,50
1497,1498,0,18
1498,1499,0,1
1499,1500,0,25
1500,1501,0,25
1501,1502,0,18
1502,1503,0,25
1503,1504,0,18
1504,1505,0,50
1505,1506,0,25
1506,1507,0,35
1507,1508,1,1
1508,1509,0,1
1509,1510,1,25
1510,1511,0,35
1511,1512,0,25
1512,1513,1,35
1513,1514,0,18
1514,1515,0,25
1515,1516,1,25
1516,1517,0,18
1517,1518,0,25
1518,1519,0,18
1519,1520,0,25
1520,1521,1,25
1521,1522,0,35
1522,1523,0,25
1523,1524,0,18
1524,1525,1,25
1525,1526,0,56
1526,1527,0,18
1527,1528,0,25
1528,1529,0,18
1529,1530,0,25
1530,1531,0,45
1531,1532,0,18
1532,1533,0,45
1533,1534,0,50
1534,1535,1,18
1535,1536,1,35
1536,1537,0,18
1537,1538,0,25
1538,1539,0,25
1539,1540,0,45
1540,1541,0,56
1541,1542,0,18
1542,1543,0,25
1543,1544,0,25
1544,1545,0,25
1545,1546,0,25
1546,1547,0,56
1547,1548,0,35
1548,1549,0,35
1549,1550,0,18
1550,1551,0,25
1551,1552,0,45
1552,1553,1,25
1553,1554,1,35
1554,1555,1,18
1555,1556,0,18
1556,1557,1,18
1557,1558,0,18
1558,1559,0,35
1559,1560,1,25
1560,1561,1,18
1561,1562,0,18
1562,1563,1,1
1563,1564,0,50
1564,1565,0,45
1565,1566,0,35
1566,1567,0,25
1567,1568,1,1
1568,1569,1,56
1569,1570,0,18
1570,1571,0,25
1571,1572,1,25
1572,1573,0,1
1573,1574,0,25
1574,1575,1,50
1575,1576,1,45
1576,1577,0,56
1577,1578,0,18
1578,1579,0,25
1579,1580,1,18
1580,1581,1,18
1581,1582,0,18
1582,1583,0,35
1583,1584,0,25
1584,1585,0,56
1585,1586,0,45
1586,1587,1,25
1587,1588,0,25
1588,1589,0,25
1589,1590,0,35
1590,1591,0,50
1591,1592,0,35
1592,1593,0,25
1593,1594,1,35
1594,1595,0,35
1595,1596,1,18
1596,1597,0,25
1597,1598,0,35
1598,1599,0,25
1599,1600,0,35
1600,1601,0,25
1601,1602,1,25
1602,1603,1,25
1603,1604,0,25
1604,1605,1,18
1605,1606,1,35
1606,1607,0,45
1607,1608,0,25
1608,1609,1,35
1609,1610,0,25
1610,1611,0,25
1611,1612,0,25
1612,1613,0,18
1613,1614,0,35
1614,1615,1,45
1615,1616,0,25
1616,1617,0,25
1617,1618,0,50
1618,1619,0,50
1619,1620,0,25
1620,1621,0,25
1621,1622,0,18
1622,1623,0,50
1623,1624,0,25
1624,1625,0,45
1625,1626,0,18
1626,1627,0,18
1627,1628,0,18
1628,1629,0,18
1629,1630,0,45
1630,1631,1,50
1631,1632,0,25
1632,1633,1,45
1633,1634,1,56
1634,1635,0,25
1635,1636,1,25
1636,1637,0,56
1637,1638,1,18
1638,1639,0,25
1639,1640,0,35
1640,1641,0,25
1641,1642,0,50
1642,1643,0,45
1643,1644,0,18
1644,1645,1,18
1645,1646,0,25
1646,1647,0,18
1647,1648,0,50
1648,1649,0,18
1649,1650,0,25
1650,1651,0,25
1651,1652,0,25
1652,1653,0,18
1653,1654,1,45
1654,1655,0,18
1655,1656,0,25
1656,1657,1,45
1657,1658,1,35
1658,1659,1,18
1659,1660,1,25
1660,1661,0,35
1661,1662,0,25
1662,1663,0,18
1663,1664,1,18
1664,1665,0,45
1665,1666,0,25
1666,1667,0,50
1667,1668,0,35
1668,1669,1,25
1669,1670,1,56
1670,1671,0,35
1671,1672,0,25
1672,1673,0,1
1673,1674,0,35
1674,1675,1,25
1675,1676,0,18
1676,1677,0,18
1677,1678,1,18
1678,1679,0,25
1679,1680,0,25
1680,1681,0,18
1681,1682,0,25
1682,1683,1,25
1683,1684,0,18
1684,1685,0,35
1685,1686,0,35
1686,1687,0,25
1687,1688,1,18
1688,1689,0,35
1689,1690,0,35
1690,1691,1,25
1691,1692,0,35
1692,1693,0,25
1693,1694,0,25
1694,1695,0,25
1695,1696,0,35
1696,1697,1,18
1697,1698,0,35
1698,1699,1,25
1699,1700,0,25
1700,1701,1,25
1701,1702,0,18
1702,1703,0,18
1703,1704,0,25
1704,1705,1,18
1705,1706,0,25
1706,1707,0,50
1707,1708,0,25
1708,1709,0,25
1709,1710,0,18
1710,1711,1,18
1711,1712,0,25
1712,1713,0,25
1713,1714,0,25
1714,1715,0,25
1715,1716,0,25
1716,1717,1,50
1717,1718,0,18
1718,1719,0,18
1719,1720,0,18
1720,1721,0,18
1721,1722,0,35
1722,1723,0,35
1723,1724,0,18
1724,1725,0,18
1725,1726,0,25
1726,1727,0,35
1727,1728,0,18
1728,1729,0,25
1729,1730,1,18
1730,1731,1,18
1731,1732,0,18
1732,1733,0,18
1733,1734,0,45
1734,1735,0,18
1735,1736,0,56
1736,1737,0,35
1737,1738,0,35
1738,1739,0,56
1739,1740,0,56
1740,1741,0,35
1741,1742,0,25
1742,1743,0,35
1743,1744,0,35
1744,1745,0,45
1745,1746,0,25
1746,1747,0,25
1747,1748,0,50
1748,1749,0,25
1749,1750,0,50
1750,1751,0,35
1751,1752,0,25
1752,1753,0,35
1753,1754,0,18
1754,1755,1,18
1755,1756,1,25
1756,1757,0,25
1757,1758,1,25
1758,1759,0,25
1759,1760,1,25
1760,1761,0,35
1761,1762,0,25
1762,1763,0,35
1763,1764,0,18
1764,1765,0,18
1765,1766,1,45
1766,1767,0,25
1767,1768,0,45
1768,1769,0,25
1769,1770,0,35
1770,1771,0,25
1771,1772,0,56
1772,1773,0,18
1773,1774,0,25
1774,1775,0,25
1775,1776,0,25
1776,1777,0,25
1777,1778,0,18
1778,1779,0,18
1779,1780,0,35
1780,1781,1,35
1781,1782,0,45
1782,1783,0,18
1783,1784,0,18
1784,1785,0,18
1785,1786,0,45
1786,1787,0,18
1787,1788,0,45
1788,1789,0,1
1789,1790,0,25
1790,1791,0,18
1791,1792,1,25
1792,1793,0,25
1793,1794,0,25
1794,1795,0,18
1795,1796,0,50
1796,1797,0,35
1797,1798,0,45
1798,1799,0,35
1799,1800,0,18
1800,1801,1,25
1801,1802,0,18
1802,1803,0,25
1803,1804,0,25
1804,1805,0,18
1805,1806,0,18
1806,1807,0,18
1807,1808,1,18
1808,1809,1,25
1809,1810,0,50
1810,1811,0,56
1811,1812,1,25
1812,1813,1,35
1813,1814,0,50
1814,1815,0,1
1815,1816,1,35
1816,1817,0,35
1817,1818,0,1
1818,1819,1,35
1819,1820,0,25
1820,1821,0,25
1821,1822,1,25
1822,1823,1,35
1823,1824,1,18
1824,1825,0,25
1825,1826,0,45
1826,1827,1,25
1827,1828,0,18
1828,1829,0,25
1829,1830,0,18
1830,1831,0,18
1831,1832,1,18
1832,1833,0,18
1833,1834,0,35
1834,1835,0,25
1835,1836,0,25
1836,1837,0,25
1837,1838,0,35
1838,1839,0,18
1839,1840,0,25
1840,1841,0,18
1841,1842,0,18
1842,1843,0,25
1843,1844,1,18
1844,1845,0,25
1845,1846,0,45
1846,1847,0,18
1847,1848,0,35
1848,1849,0,35
1849,1850,0,18
1850,1851,0,25
1851,1852,0,25
1852,1853,0,50
1853,1854,0,25
1854,1855,0,18
1855,1856,0,56
1856,1857,0,1
1857,1858,1,18
1858,1859,1,25
1859,1860,0,56
1860,1861,0,50
1861,1862,0,50
1862,1863,0,18
1863,1864,0,35
1864,1865,1,18
1865,1866,0,25
1866,1867,0,50
1867,1868,0,50
1868,1869,0,45
1869,1870,0,56
1870,1871,1,45
1871,1872,0,50
1872,1873,0,35
1873,1874,0,45
1874,1875,0,35
1875,1876,0,25
1876,1877,1,45
1877,1878,0,1
1878,1879,0,25
1879,1880,0,35
1880,1881,0,35
1881,1882,0,35
1882,1883,1,50
1883,1884,0,45
1884,1885,0,50
1885,1886,0,25
1886,1887,0,56
1887,1888,0,35
1888,1889,0,18
1889,1890,0,50
1890,1891,0,45
1891,1892,0,25
1892,1893,1,35
1893,1894,1,35
1894,1895,0,35
1895,1896,0,56
1896,1897,1,50
1897,1898,0,25
1898,1899,1,45
1899,1900,0,56
1900,1901,0,50
1901,1902,0,25
1902,1903,0,35
1903,1904,0,18
1904,1905,1,35
1905,1906,1,25
1906,1907,0,35
1907,1908,0,56
1908,1909,0,18
1909,1910,0,1
1910,1911,1,18
1911,1912,0,25
1912,1913,0,25
1913,1914,1,35
1914,1915,0,50
1915,1916,0,45
1916,1917,0,18
1917,1918,1,45
1918,1919,0,1
1919,1920,1,35
1920,1921,0,56
1921,1922,1,25
1922,1923,0,35
1923,1924,1,56
1924,1925,0,50
1925,1926,1,1
1926,1927,0,35
1927,1928,0,1
1928,1929,1,1
1929,1930,0,25
1930,1931,0,25
1931,1932,0,25
1932,1933,0,18
1933,1934,0,25
1934,1935,0,1
1935,1936,0,35
1936,1937,0,25
1937,1938,1,25
1938,1939,1,35
1939,1940,0,25
1940,1941,0,35
1941,1942,0,35
1942,1943,0,18
1943,1944,1,18
1944,1945,0,25
1945,1946,0,25
1946,1947,0,25
1947,1948,0,1
1948,1949,0,18
1949,1950,0,25
1950,1951,1,18
1951,1952,0,35
1952,1953,1,25
1953,1954,0,25
1954,1955,0,1
1955,1956,0,35
1956,1957,1,18
1957,1958,1,25
1958,1959,1,50
1959,1960,0,45
1960,1961,1,50
1961,1962,1,18
1962,1963,1,50
1963,1964,1,25
1964,1965,0,56
1965,1966,0,25
1966,1967,0,50
1967,1968,0,25
1968,1969,1,25
1969,1970,0,50
1970,1971,1,25
1971,1972,0,45
1972,1973,0,25
1973,1974,0,35
1974,1975,0,18
1975,1976,0,35
1976,1977,0,56
1977,1978,0,1
1978,1979,0,56
1979,1980,0,35
1980,1981,0,56
1981,1982,0,1
1982,1983,0,25
1983,1984,0,18
1984,1985,0,45
1985,1986,0,50
1986,1987,0,25
1987,1988,1,25
1988,1989,0,50
1989,1990,0,25
1990,1991,0,25
1991,1992,0,18
1992,1993,0,35
1993,1994,0,35
1994,1995,0,25
1995,1996,0,35
1996,1997,0,25
1997,1998,1,50
1998,1999,1,35
1999,2000,0,18
2000,2001,0,50
2001,2002,1,56
2002,2003,0,1
2003,2004,0,45
2004,2005,0,18
2005,2006,0,35
2006,2007,0,50
2007,2008,0,25
2008,2009,1,35
2009,2010,0,18
2010,2011,1,35
2011,2012,0,25
2012,2013,0,45
2013,2014,0,18
2014,2015,0,18
2015,2016,1,56
2016,2017,0,25
2017,2018,0,35
2018,2019,0,50
2019,2020,0,25
2020,2021,0,25
2021,2022,0,25
2022,2023,0,18
2023,2024,0,1
2024,2025,0,56
2025,2026,0,50
2026,2027,1,25
2027,2028,0,45
2028,2029,1,25
2029,2030,0,25
2030,2031,0,35
2031,2032,0,50
2032,2033,1,45
2033,2034,1,45
2034,2035,1,18
2035,2036,1,25
2036,2037,0,56
2037,2038,1,45
2038,2039,0,50
2039,2040,1,25
2040,2041,1,25
2041,2042,0,1
2042,2043,0,25
2043,2044,1,45
2044,2045,1,1
2045,2046,0,35
2046,2047,0,1
2047,2048,0,50
2048,2049,1,50
2049,2050,1,35
2050,2051,0,35
2051,2052,0,1
2052,2053,0,45
2053,2054,0,25
2054,2055,0,50
2055,2056,0,25
2056,2057,0,35
2057,2058,1,56
2058,2059,0,35
2059,2060,0,1
2060,2061,0,56
2061,2062,0,18
2062,2063,0,25
2063,2064,0,35
2064,2065,0,25
2065,2066,1,25
2066,2067,0,50
2067,2068,1,35
2068,2069,0,56
2069,2070,1,35
2070,2071,0,45
2071,2072,1,50
2072,2073,1,18
2073,2074,0,18
2074,2075,1,25
2075,2076,0,18
2076,2077,0,18
2077,2078,0,18
2078,2079,0,1
2079,2080,0,25
2080,2081,0,18
2081,2082,0,1
2082,2083,0,18
2083,2084,0,18
2084,2085,0,18
2085,2086,0,35
2086,2087,0,25
2087,2088,0,50
2088,2089,0,35
2089,2090,0,35
2090,2091,1,35
2091,2092,0,56
2092,2093,0,18
2093,2094,0,35
2094,2095,0,56
2095,2096,1,25
2096,2097,0,18
2097,2098,0,35
2098,2099,1,18
2099,2100,1,25
2100,2101,0,25
2101,2102,0,25
2102,2103,0,35
2103,2104,0,45
2104,2105,0,25
2105,2106,1,18
2106,2107,0,25
2107,2108,0,1
2108,2109,0,25
2109,2110,0,50
2110,2111,0,56
2111,2112,1,45
2112,2113,0,25
2113,2114,0,18
2114,2115,0,35
2115,2116,0,18
2116,2117,0,56
2117,2118,0,25
2118,2119,0,35
2119,2120,0,1
2120,2121,0,56
2121,2122,0,35
2122,2123,1,35
2123,2124,0,25
2124,2125,0,35
2125,2126,0,56
2126,2127,0,18
2127,2128,1,45
2128,2129,0,25
2129,2130,0,45
2130,2131,0,25
2131,2132,0,56
2132,2133,1,1
2133,2134,0,18
2134,2135,0,50
2135,2136,0,35
2136,2137,1,1
2137,2138,1,18
2138,2139,1,50
2139,2140,0,45
2140,2141,1,50
2141,2142,1,45
2142,2143,0,18
2143,2144,0,18
2144,2145,0,18
2145,2146,0,18
2146,2147,1,18
2147,2148,1,18
2148,2149,0,25
2149,2150,1,18
2150,2151,0,56
2151,2152,0,18
2152,2153,0,18
2153,2154,0,25
2154,2155,1,1
2155,2156,0,18
2156,2157,1,18
2157,2158,0,25
2158,2159,1,50
2159,2160,1,18
2160,2161,1,35
2161,2162,1,1
2162,2163,0,18
2163,2164,0,35
2164,2165,0,25
2165,2166,0,1
2166,2167,1,25
2167,2168,0,1
2168,2169,0,1
2169,2170,1,50
2170,2171,0,35
2171,2172,0,18
2172,2173,0,50
2173,2174,0,50
2174,2175,0,25
2175,2176,0,1
2176,2177,1,35
2177,2178,0,45
2178,2179,1,25
2179,2180,0,25
2180,2181,0,25
2181,2182,1,25
2182,2183,1,56
2183,2184,0,18
2184,2185,0,45
2185,2186,0,18
2186,2187,0,45
2187,2188,1,18
2188,2189,0,1
2189,2190,1,25
2190,2191,0,18
2191,2192,1,25
2192,2193,0,1
2193,2194,0,25
2194,2195,0,1
2195,2196,0,25
2196,2197,1,25
2197,2198,1,35
2198,2199,0,1
2199,2200,0,35
2200,2201,0,56
2201,2202,1,1
2202,2203,0,45
2203,2204,0,56
2204,2205,1,25
2205,2206,0,45
2206,2207,0,18
2207,2208,0,25
2208,2209,0,35
2209,2210,0,45
2210,2211,0,45
2211,2212,0,18
2212,2213,1,25
2213,2214,1,25
2214,2215,1,25
2215,2216,1,25
2216,2217,0,1
2217,2218,0,35
2218,2219,0,25
2219,2220,1,50
2220,2221,0,56
2221,2222,1,45
2222,2223,0,25
2223,2224,0,25
2224,2225,0,25
2225,2226,1,25
2226,2227,0,50
2227,2228,0,25
2228,2229,0,45
2229,2230,1,45
2230,2231,0,50
2231,2232,0,25
2232,2233,1,35
2233,2234,0,56
2234,2235,0,1
2235,2236,0,1
2236,2237,1,35
2237,2238,1,25
2238,2239,0,18
2239,2240,0,45
2240,2241,0,45
2241,2242,0,18
2242,2243,0,45
2243,2244,0,1
2244,2245,0,1
2245,2246,0,25
2246,2247,0,45
2247,2248,1,35
2248,2249,0,25
2249,2250,0,18
2250,2251,0,35
2251,2252,1,18
2252,2253,1,50
2253,2254,0,35
2254,2255,1,35
2255,2256,1,45
2256,2257,1,18
2257,2258,1,18
2258,2259,1,56
2259,2260,1,25
2260,2261,0,25
2261,2262,0,45
2262,2263,0,25
2263,2264,1,45
2264,2265,0,56
2265,2266,1,50
2266,2267,1,56
2267,2268,1,35
2268,2269,1,45
2269,2270,0,18
2270,2271,0,50
2271,2272,0,25
2272,2273,0,25
2273,2274,0,18
2274,2275,0,56
2275,2276,0,56
2276,2277,1,45
2277,2278,0,50
2278,2279,0,50
2279,2280,0,56
2280,2281,0,45
2281,2282,0,50
2282,2283,0,35
2283,2284,0,25
2284,2285,1,1
2285,2286,0,35
2286,2287,0,56
2287,2288,0,1
2288,2289,1,50
2289,2290,0,25
2290,2291,0,45
2291,2292,0,50
2292,2293,1,56
2293,2294,0,56
2294,2295,0,45
2295,2296,1,25
2296,2297,0,56
2297,2298,0,35
2298,2299,1,18
2299,2300,0,56
2300,2301,1,25
2301,2302,0,50
2302,2303,0,50
2303,2304,0,45
2304,2305,0,50
2305,2306,1,18
2306,2307,0,25
2307,2308,1,45
2308,2309,1,45
2309,2310,0,45
2310,2311,1,25
2311,2312,0,45
2312,2313,1,50
2313,2314,1,25
2314,2315,0,56
2315,2316,0,35
2316,2317,1,45
2317,2318,0,56
2318,2319,0,35
2319,2320,1,50
2320,2321,0,25
2321,2322,1,56
2322,2323,0,35
2323,2324,0,35
2324,2325,1,18
2325,2326,0,18
2326,2327,0,18
2327,2328,0,56
2328,2329,1,56
2329,2330,0,45
2330,2331,0,56
2331,2332,0,56
2332,2333,0,50
2333,2334,1,56
2334,2335,0,50
2335,2336,0,35
2336,2337,0,35
2337,2338,0,45
2338,2339,1,56
2339,2340,0,35
2340,2341,0,56
2341,2342,0,35
2342,2343,1,45
2343,2344,0,25
2344,2345,0,35
2345,2346,1,1
2346,2347,0,35
2347,2348,0,50
2348,2349,0,25
2349,2350,0,18
2350,2351,1,25
2351,2352,0,50
2352,2353,1,35
2353,2354,0,35
2354,2355,1,45
2355,2356,1,50
2356,2357,1,35
2357,2358,1,56
2358,2359,0,56
2359,2360,0,50
2360,2361,0,56
2361,2362,0,25
2362,2363,0,50
2363,2364,1,56
2364,2365,0,50
2365,2366,1,45
2366,2367,1,25
2367,2368,1,56
2368,2369,0,35
2369,2370,0,50
2370,2371,1,35
2371,2372,1,45
2372,2373,0,45
2373,2374,0,25
2374,2375,1,50
2375,2376,0,25
2376,2377,0,35
2377,2378,0,25
2378,2379,0,18
2379,2380,0,25
2380,2381,1,35
2381,2382,0,50
2382,2383,1,25
2383,2384,0,35
2384,2385,1,45
2385,2386,1,25
2386,2387,0,25
2387,2388,0,56
2388,2389,0,25
2389,2390,1,25
2390,2391,0,50
2391,2392,1,56
2392,2393,0,56
2393,2394,0,35
2394,2395,0,35
2395,2396,1,18
2396,2397,1,35
2397,2398,0,25
2398,2399,0,35
2399,2400,1,25
2400,2401,0,25
2401,2402,0,45
2402,2403,0,18
2403,2404,0,18
2404,2405,0,50
2405,2406,1,56
2406,2407,0,35
2407,2408,1,45
2408,2409,1,35
2409,2410,0,56
2410,2411,1,35
2411,2412,0,56
2412,2413,1,56
2413,2414,0,25
2414,2415,0,25
2415,2416,0,45
2416,2417,0,45
2417,2418,1,1
2418,2419,0,25
2419,2420,0,50
2420,2421,0,35
2421,2422,1,50
2422,2423,1,45
2423,2424,0,25
2424,2425,1,35
2425,2426,0,56
2426,2427,1,25
2427,2428,0,45
2428,2429,0,25
2429,2430,0,25
2430,2431,1,25
2431,2432,0,25
2432,2433,0,25
2433,2434,0,25
2434,2435,0,25
2435,2436,0,25
2436,2437,0,25
2437,2438,0,35
2438,2439,0,45
2439,2440,0,50
2440,2441,1,45
2441,2442,0,35
2442,2443,1,35
2443,2444,1,45
2444,2445,0,25
2445,2446,0,18
2446,2447,0,25
2447,2448,0,35
2448,2449,0,56
2449,2450,0,45
2450,2451,0,45
2451,2452,0,45
2452,2453,0,25
2453,2454,0,18
2454,2455,0,35
2455,2456,0,25
2456,2457,0,25
2457,2458,0,25
2458,2459,0,50
2459,2460,1,50
2460,2461,0,18
2461,2462,0,35
2462,2463,0,25
2463,2464,1,18
2464,2465,0,50
2465,2466,0,25
2466,2467,0,1
2467,2468,0,50
2468,2469,0,25
2469,2470,0,35
2470,2471,0,50
2471,2472,0,25
2472,2473,0,25
2473,2474,0,25
2474,2475,1,25
2475,2476,0,50
2476,2477,0,45
2477,2478,0,50
2478,2479,1,25
2479,2480,1,18
2480,2481,0,35
2481,2482,1,50
2482,2483,0,56
2483,2484,0,45
2484,2485,0,35
2485,2486,0,18
2486,2487,0,45
2487,2488,1,45
2488,2489,1,35
2489,2490,0,25
2490,2491,0,35
2491,2492,1,45
2492,2493,0,45
2493,2494,0,18
2494,2495,1,18
2495,2496,0,50
2496,2497,1,50
2497,2498,0,56
2498,2499,0,50
2499,2500,0,56
2500,2501,0,25
2501,2502,0,56
2502,2503,0,35
2503,2504,0,25
2504,2505,0,25
2505,2506,1,25
2506,2507,0,25
2507,2508,1,35
2508,2509,0,25
2509,2510,0,25
2510,2511,0,25
2511,2512,1,45
2512,2513,0,56
2513,2514,0,56
2514,2515,0,45
2515,2516,1,45
2516,2517,1,35
2517,2518,0,25
2518,2519,1,45
2519,2520,1,56
2520,2521,0,35
2521,2522,0,18
2522,2523,0,25
2523,2524,1,56
2524,2525,1,35
2525,2526,0,56
2526,2527,0,35
2527,2528,0,56
2528,2529,1,35
2529,2530,0,18
2530,2531,1,45
2531,2532,1,56
2532,2533,1,25
2533,2534,1,50
2534,2535,1,56
2535,2536,0,56
2536,2537,0,35
2537,2538,0,56
2538,2539,0,35
2539,2540,1,45
2540,2541,1,35
2541,2542,1,45
2542,2543,1,35
2543,2544,0,45
2544,2545,0,56
2545,2546,1,56
2546,2547,1,35
2547,2548,1,35
2548,2549,0,56
2549,2550,0,50
2550,2551,0,25
2551,2552,1,25
2552,2553,0,25
2553,2554,0,25
2554,2555,0,56
2555,2556,0,25
2556,2557,1,18
2557,2558,0,56
2558,2559,0,18
2559,2560,1,45
2560,2561,0,25
2561,2562,0,18
2562,2563,0,45
2563,2564,1,35
2564,2565,0,35
2565,2566,0,35
2566,2567,0,25
2567,2568,0,25
2568,2569,0,45
2569,2570,1,56
2570,2571,0,35
2571,2572,0,35
2572,2573,0,45
2573,2574,0,50
2574,2575,0,35
2575,2576,0,18
2576,2577,0,25
2577,2578,0,50
2578,2579,0,35
2579,2580,1,45
2580,2581,0,25
2581,2582,1,25
2582,2583,0,35
2583,2584,1,56
2584,2585,0,45
2585,2586,0,25
2586,2587,0,35
2587,2588,1,56
2588,2589,0,25
2589,2590,0,18
2590,2591,0,18
2591,2592,0,50
2592,2593,0,56
2593,2594,0,35
2594,2595,0,18
2595,2596,0,50
2596,2597,1,50
2597,2598,0,25
2598,2599,0,25
2599,2600,0,25
2600,2601,0,35
2601,2602,0,45
2602,2603,0,25
2603,2604,0,25
2604,2605,0,35
2605,2606,0,50
2606,2607,1,56
2607,2608,1,25
2608,2609,1,50
2609,2610,0,45
2610,2611,0,25
2611,2612,1,45
2612,2613,0,35
2613,2614,0,25
2614,2615,0,25
2615,2616,0,35
2616,2617,1,45
2617,2618,1,18
2618,2619,0,35
2619,2620,0,18
2620,2621,0,18
2621,2622,1,35
2622,2623,0,56
2623,2624,1,35
2624,2625,0,35
2625,2626,0,56
2626,2627,0,25
2627,2628,1,25
2628,2629,0,25
2629,2630,1,18
2630,2631,1,50
2631,2632,0,56
2632,2633,1,35
2633,2634,0,56
2634,2635,0,35
2635,2636,0,18
2636,2637,1,35
2637,2638,0,25
2638,2639,1,25
2639,2640,0,35
2640,2641,0,25
2641,2642,0,25
2642,2643,0,45
2643,2644,0,18
2644,2645,0,25
2645,2646,0,45
2646,2647,1,35
2647,2648,0,25
2648,2649,0,25
2649,2650,0,45
2650,2651,0,56
2651,2652,0,35
2652,2653,0,25
2653,2654,1,35
2654,2655,0,35
2655,2656,0,56
2656,2657,1,1
2657,2658,0,25
2658,2659,0,35
2659,2660,0,56
2660,2661,0,56
2661,2662,0,25
2662,2663,1,25
2663,2664,0,35
2664,2665,0,35
2665,2666,0,45
2666,2667,1,35
2667,2668,1,25
2668,2669,0,45
2669,2670,0,35
2670,2671,1,35
2671,2672,0,35
2672,2673,0,35
2673,2674,0,25
2674,2675,0,35
2675,2676,0,56
2676,2677,1,35
2677,2678,0,25
2678,2679,1,18
2679,2680,0,25
2680,2681,1,25
2681,2682,0,18
2682,2683,0,35
2683,2684,1,18
2684,2685,0,45
2685,2686,0,25
2686,2687,0,1
2687,2688,0,25
2688,2689,0,25
2689,2690,0,25
2690,2691,0,18
2691,2692,1,18
2692,2693,0,56
2693,2694,0,18
2694,2695,0,35
2695,2696,0,25
2696,2697,1,50
2697,2698,1,25
2698,2699,1,56
2699,2700,0,25
2700,2701,0,45
2701,2702,0,45
2702,2703,0,35
2703,2704,0,56
2704,2705,0,25
2705,2706,1,25
2706,2707,0,56
2707,2708,0,25
2708,2709,1,25
2709,2710,0,35
2710,2711,1,25
2711,2712,1,18
2712,2713,0,25
2713,2714,0,18
2714,2715,1,50
2715,2716,1,50
2716,2717,0,25
2717,2718,1,25
2718,2719,0,25
2719,2720,0,35
2720,2721,0,45
2721,2722,0,35
2722,2723,1,25
2723,2724,1,45
2724,2725,0,35
2725,2726,0,45
2726,2727,0,25
2727,2728,0,35
2728,2729,0,50
2729,2730,0,35
2730,2731,0,35
2731,2732,0,45
2732,2733,0,45
2733,2734,1,18
2734,2735,0,25
2735,2736,0,45
2736,2737,0,25
2737,2738,1,50
2738,2739,1,35
2739,2740,0,45
2740,2741,0,25
2741,2742,0,25
2742,2743,0,25
2743,2744,0,18
2744,2745,1,35
2745,2746,0,50
2746,2747,1,18
2747,2748,0,25
2748,2749,0,25
2749,2750,1,25
2750,2751,1,25
2751,2752,0,25
2752,2753,1,50
2753,2754,0,50
2754,2755,0,35
2755,2756,0,18
2756,2757,0,25
2757,2758,0,56
2758,2759,0,25
2759,2760,0,56
2760,2761,0,35
2761,2762,0,50
2762,2763,1,18
2763,2764,0,25
2764,2765,0,50
2765,2766,0,45
2766,2767,0,25
2767,2768,0,25
2768,2769,0,25
2769,2770,0,35
2770,2771,0,18
2771,2772,0,35
2772,2773,0,35
2773,2774,0,25
2774,2775,1,18
2775,2776,0,25
2776,2777,0,18
2777,2778,0,56
2778,2779,0,35
2779,2780,0,25
2780,2781,0,35
2781,2782,1,18
2782,2783,0,45
2783,2784,0,50
2784,2785,0,56
2785,2786,0,25
2786,2787,0,25
2787,2788,0,56
2788,2789,0,18
2789,2790,0,25
2790,2791,0,56
2791,2792,0,18
2792,2793,0,35
2793,2794,0,25
2794,2795,0,50
2795,2796,0,25
2796,2797,1,25
2797,2798,0,35
2798,2799,0,18
2799,2800,1,18
2800,2801,1,25
2801,2802,0,35
2802,2803,0,25
2803,2804,1,35
2804,2805,0,56
2805,2806,0,1
2806,2807,1,35
2807,2808,0,56
2808,2809,0,25
2809,2810,1,1
2810,2811,0,25
2811,2812,0,25
2812,2813,0,25
2813,2814,0,35
2814,2815,0,35
2815,2816,0,25
2816,2817,0,35
2817,2818,0,25
2818,2819,0,45
2819,2820,1,35
2820,2821,0,18
2821,2822,0,50
2822,2823,0,25
2823,2824,0,18
2824,2825,1,25
2825,2826,0,35
2826,2827,0,25
2827,2828,0,18
2828,2829,0,45
2829,2830,0,35
2830,2831,0,25
2831,2832,0,25
2832,2833,0,25
2833,2834,0,35
2834,2835,0,35
2835,2836,0,25
2836,2837,0,18
2837,2838,0,18
2838,2839,0,25
2839,2840,0,25
2840,2841,0,50
2841,2842,0,35
2842,2843,1,25
2843,2844,0,25
2844,2845,0,25
2845,2846,1,18
2846,2847,0,18
2847,2848,0,25
2848,2849,0,45
2849,2850,0,18
2850,2851,1,25
2851,2852,0,25
2852,2853,0,1
2853,2854,1,18
2854,2855,0,25
2855,2856,0,35
2856,2857,0,25
2857,2858,1,1
2858,2859,0,18
2859,2860,0,35
2860,2861,0,25
2861,2862,0,45
2862,2863,1,25
2863,2864,1,35
2864,2865,1,25
2865,2866,0,25
2866,2867,0,45
2867,2868,0,35
2868,2869,0,50
2869,2870,0,50
2870,2871,1,25
2871,2872,0,25
2872,2873,1,18
2873,2874,1,35
2874,2875,0,25
2875,2876,0,25
2876,2877,0,35
2877,2878,1,50
2878,2879,0,18
2879,2880,0,18
2880,2881,1,25
2881,2882,0,18
2882,2883,0,18
2883,2884,1,50
2884,2885,1,18
2885,2886,0,18
2886,2887,0,25
2887,2888,0,25
2888,2889,0,35
2889,2890,0,35
2890,2891,1,18
2891,2892,0,25
2892,2893,0,25
2893,2894,0,18
2894,2895,0,25
2895,2896,0,18
2896,2897,0,25
2897,2898,0,18
2898,2899,0,35
2899,2900,0,18
2900,2901,0,25
2901,2902,0,25
2902,2903,0,25
2903,2904,0,25
2904,2905,0,35
2905,2906,0,35
2906,2907,1,35
2907,2908,0,18
2908,2909,0,25
2909,2910,0,1
2910,2911,1,25
2911,2912,1,18
2912,2913,1,35
2913,2914,0,25
2914,2915,0,25
2915,2916,0,45
2916,2917,0,25
2917,2918,0,25
2918,2919,0,18
2919,2920,0,25
2920,2921,0,50
2921,2922,0,25
2922,2923,0,35
2923,2924,1,18
2924,2925,1,25
2925,2926,1,18
2926,2927,0,25
2927,2928,0,25
2928,2929,0,18
2929,2930,0,50
2930,2931,0,18
2931,2932,0,25
2932,2933,0,35
2933,2934,1,35
2934,2935,0,25
2935,2936,1,18
2936,2937,1,18
2937,2938,1,25
2938,2939,1,25
2939,2940,0,25
2940,2941,0,35
2941,2942,1,50
2942,2943,0,35
2943,2944,1,18
2944,2945,1,35
2945,2946,0,35
2946,2947,1,25
2947,2948,0,18
2948,2949,0,25
2949,2950,0,18
2950,2951,1,35
2951,2952,0,25
2952,2953,0,25
2953,2954,0,18
2954,2955,0,35
2955,2956,0,25
2956,2957,0,18
2957,2958,0,25
2958,2959,0,35
2959,2960,0,18
2960,2961,0,50
2961,2962,0,35
2962,2963,1,18
2963,2964,0,25
2964,2965,1,35
2965,2966,1,25
2966,2967,0,25
2967,2968,1,18
2968,2969,0,25
2969,2970,0,18
2970,2971,0,25
2971,2972,0,25
2972,2973,1,18
2973,2974,0,18
2974,2975,0,35
2975,2976,0,18
2976,2977,1,18
2977,2978,0,35
2978,2979,0,35
2979,2980,0,45
2980,2981,0,45
2981,2982,0,25
2982,2983,0,18
2983,2984,0,25
2984,2985,0,18
2985,2986,0,25
2986,2987,0,18
2987,2988,1,18
2988,2989,0,35
2989,2990,0,35
2990,2991,0,50
2991,2992,0,18
2992,2993,0,18
2993,2994,0,35
2994,2995,0,25
2995,2996,0,18
2996,2997,1,35
2997,2998,1,25
2998,2999,0,25
2999,3000,0,25
3000,3001,0,18
3001,3002,0,45
3002,3003,0,18
3003,3004,1,18
3004,3005,0,25
3005,3006,0,18
3006,3007,0,35
3007,3008,0,18
3008,3009,1,35
3009,3010,0,25
3010,3011,0,25
3011,3012,0,25
3012,3013,0,45
3013,3014,0,35
3014,3015,0,56
3015,3016,0,18
3016,3017,1,35
3017,3018,0,35
3018,3019,0,50
3019,3020,1,35
3020,3021,1,45
3021,3022,0,25
3022,3023,1,25
3023,3024,0,35
3024,3025,1,35
3025,3026,1,18
3026,3027,0,18
3027,3028,0,1
3028,3029,0,18
3029,3030,0,35
3030,3031,0,18
3031,3032,0,25
3032,3033,0,18
3033,3034,1,18
3034,3035,1,25
3035,3036,0,56
3036,3037,1,25
3037,3038,1,35
3038,3039,1,50
3039,3040,0,25
3040,3041,0,25
3041,3042,0,56
3042,3043,0,18
3043,3044,0,35
3044,3045,0,45
3045,3046,0,1
3046,3047,1,25
3047,3048,0,18
3048,3049,1,50
3049,3050,0,35
3050,3051,0,18
3051,3052,0,35
3052,3053,1,25
3053,3054,0,18
3054,3055,1,25
3055,3056,0,25
3056,3057,1,25
3057,3058,0,18
3058,3059,0,35
3059,3060,1,35
3060,3061,0,45
3061,3062,0,18
3062,3063,0,18
3063,3064,0,35
3064,3065,1,18
3065,3066,0,18
3066,3067,1,25
3067,3068,1,35
3068,3069,0,18
3069,3070,1,18
3070,3071,0,25
3071,3072,0,50
3072,3073,0,25
3073,3074,0,25
3074,3075,1,25
3075,3076,0,35
3076,3077,0,18
3077,3078,1,35
3078,3079,1,25
3079,3080,0,25
3080,3081,0,25
3081,3082,1,35
3082,3083,1,50
3083,3084,0,25
3084,3085,0,25
3085,3086,0,18
3086,3087,1,1
3087,3088,1,25
3088,3089,0,45
3089,3090,0,25
3090,3091,1,25
3091,3092,0,35
3092,3093,1,45
3093,3094,0,35
3094,3095,1,25
3095,3096,1,45
3096,3097,1,25
3097,3098,0,25
3098,3099,0,25
3099,3100,1,25
3100,3101,0,18
3101,3102,0,25
3102,3103,0,25
3103,3104,0,18
3104,3105,0,35
3105,3106,0,25
3106,3107,0,25
3107,3108,0,50
3108,3109,1,25
3109,3110,0,25
3110,3111,0,18
3111,3112,0,18
3112,3113,0,25
3113,3114,0,18
3114,3115,0,35
3115,3116,0,25
3116,3117,0,35
3117,3118,0,25
3118,3119,0,45
3119,3120,0,18
3120,3121,0,25
3121,3122,1,25
3122,3123,0,25
3123,3124,0,25
3124,3125,0,25
3125,3126,0,25
3126,3127,1,25
3127,3128,0,18
3128,3129,0,25
3129,3130,0,25
3130,3131,1,25
3131,3132,0,35
3132,3133,0,18
3133,3134,0,18
3134,3135,0,25
3135,3136,1,25
3136,3137,0,25
3137,3138,0,35
3138,3139,0,56
3139,3140,1,25
3140,3141,0,25
3141,3142,0,25
3142,3143,1,50
3143,3144,1,25
3144,3145,0,18
3145,3146,0,25
3146,3147,0,25
3147,3148,0,18
3148,3149,0,18
3149,3150,1,25
3150,3151,1,25
3151,3152,0,18
3152,3153,1,25
3153,3154,1,25
3154,3155,0,25
3155,3156,0,35
3156,3157,0,25
3157,3158,0,25
3158,3159,1,25
3159,3160,0,25
3160,3161,0,25
3161,3162,0,25
3162,3163,0,18
3163,3164,0,18
3164,3165,0,35
3165,3166,0,18
3166,3167,0,25
3167,3168,1,35
3168,3169,0,50
3169,3170,0,25
3170,3171,1,50
3171,3172,0,18
3172,3173,0,25
3173,3174,1,18
3174,3175,0,35
3175,3176,0,25
3176,3177,1,25
3177,3178,1,35
3178,3179,1,18
3179,3180,0,25
3180,3181,0,25
3181,3182,0,25
3182,3183,0,50
3183,3184,1,25
3184,3185,0,18
3185,3186,0,50
3186,3187,0,35
3187,3188,0,56
3188,3189,0,25
3189,3190,0,1
3190,3191,0,25
3191,3192,0,18
3192,3193,0,25
3193,3194,0,25
3194,3195,0,18
3195,3196,1,18
3196,3197,1,18
3197,3198,0,25
3198,3199,0,18
3199,3200,1,25
3200,3201,0,45
3201,3202,1,18
3202,3203,0,35
3203,3204,0,45
3204,3205,1,35
3205,3206,0,18
3206,3207,0,35
3207,3208,0,25
3208,3209,0,25
3209,3210,1,45
3210,3211,0,50
3211,3212,1,25
3212,3213,1,25
3213,3214,1,56
3214,3215,1,50
3215,3216,0,35
3216,3217,1,35
3217,3218,0,56
3218,3219,1,18
3219,3220,0,35
3220,3221,0,25
3221,3222,0,35
3222,3223,0,25
3223,3224,1,25
3224,3225,0,18
3225,3226,0,35
3226,3227,1,25
3227,3228,0,25
3228,3229,1,56
3229,3230,0,35
3230,3231,0,25
3231,3232,0,35
3232,3233,0,50
3233,3234,1,1
3234,3235,0,18
3235,3236,0,18
3236,3237,0,35
3237,3238,0,35
3238,3239,1,25
3239,3240,0,18
3240,3241,1,50
3241,3242,0,50
3242,3243,0,25
3243,3244,1,18
3244,3245,0,18
3245,3246,1,35
3246,3247,0,35
3247,3248,1,25
3248,3249,1,25
3249,3250,0,25
3250,3251,0,35
3251,3252,0,50
3252,3253,1,35
3253,3254,1,35
3254,3255,1,25
3255,3256,0,25
3256,3257,0,25
3257,3258,0,45
3258,3259,1,18
3259,3260,0,25
3260,3261,0,45
3261,3262,0,25
3262,3263,0,50
3263,3264,1,25
3264,3265,0,25
3265,3266,1,25
3266,3267,0,25
3267,3268,0,25
3268,3269,1,18
3269,3270,0,18
3270,3271,1,35
3271,3272,0,35
3272,3273,0,35
3273,3274,0,25
3274,3275,0,35
3275,3276,0,25
3276,3277,0,25
3277,3278,0,35
3278,3279,0,45
3279,3280,0,25
3280,3281,0,25
3281,3282,0,45
3282,3283,0,35
3283,3284,0,25
3284,3285,0,25
3285,3286,1,35
3286,3287,0,56
3287,3288,0,25
3288,3289,0,45
3289,3290,0,25
3290,3291,1,25
3291,3292,1,50
3292,3293,0,45
3293,3294,0,18
3294,3295,0,18
3295,3296,0,18
3296,3297,0,18
3297,3298,0,1
3298,3299,1,25
3299,3300,0,35
3300,3301,1,25
3301,3302,0,25
3302,3303,0,56
3303,3304,1,45
3304,3305,0,56
3305,3306,0,45
3306,3307,0,50
3307,3308,1,18
3308,3309,0,25
3309,3310,0,45
3310,3311,0,25
3311,3312,1,18
3312,3313,0,35
3313,3314,0,25
3314,3315,0,25
3315,3316,0,1
3316,3317,0,25
3317,3318,0,56
3318,3319,1,56
3319,3320,0,25
3320,3321,0,35
3321,3322,1,18
3322,3323,0,35
3323,3324,0,35
3324,3325,1,35
3325,3326,0,45
3326,3327,0,18
3327,3328,0,56
3328,3329,0,50
3329,3330,1,35
3330,3331,1,25
3331,3332,0,25
3332,3333,0,18
3333,3334,0,35
3334,3335,0,25
3335,3336,0,35
3336,3337,0,25
3337,3338,0,45
3338,3339,0,25
3339,3340,0,45
3340,3341,0,25
3341,3342,1,25
3342,3343,1,18
3343,3344,0,35
3344,3345,0,25
3345,3346,0,35
3346,3347,1,35
3347,3348,0,45
3348,3349,1,18
3349,3350,1,18
3350,3351,1,18
3351,3352,0,35
3352,3353,0,35
3353,3354,0,25
3354,3355,0,25
3355,3356,0,35
3356,3357,0,25
3357,3358,1,25
3358,3359,0,25
3359,3360,1,25
3360,3361,0,25
3361,3362,1,25
3362,3363,1,35
3363,3364,0,56
3364,3365,0,50
3365,3366,0,35
3366,3367,0,50
3367,3368,0,25
3368,3369,0,45
3369,3370,0,18
3370,3371,0,25
3371,3372,0,56
3372,3373,0,18
3373,3374,0,35
3374,3375,0,25
3375,3376,0,35
3376,3377,0,25
3377,3378,0,18
3378,3379,0,35
3379,3380,0,50
3380,3381,0,25
3381,3382,1,1
3382,3383,0,56
3383,3384,0,35
3384,3385,1,25
3385,3386,0,18
3386,3387,0,18
3387,3388,1,25
3388,3389,0,18
3389,3390,1,45
3390,3391,0,18
3391,3392,0,50
3392,3393,0,35
3393,3394,0,35
3394,3395,0,25
3395,3396,0,25
3396,3397,0,25
3397,3398,0,18
3398,3399,0,25
3399,3400,0,25
3400,3401,0,35
3401,3402,0,35
3402,3403,0,35
3403,3404,0,25
3404,3405,0,35
3405,3406,1,25
3406,3407,1,45
3407,3408,0,25
3408,3409,0,25
3409,3410,0,35
3410,3411,0,18
3411,3412,0,25
3412,3413,1,25
3413,3414,0,25
3414,3415,0,35
3415,3416,0,25
3416,3417,1,18
3417,3418,1,18
3418,3419,0,45
3419,3420,1,25
3420,3421,0,45
3421,3422,0,25
3422,3423,0,25
3423,3424,0,25
3424,3425,0,18
3425,3426,0,25
3426,3427,0,25
3427,3428,0,45
3428,3429,1,25
3429,3430,1,45
3430,3431,1,45
3431,3432,0,25
3432,3433,0,18
3433,3434,0,18
3434,3435,0,45
3435,3436,0,35
3436,3437,1,25
3437,3438,1,25
3438,3439,0,18
3439,3440,0,56
3440,3441,1,25
3441,3442,0,18
3442,3443,1,35
3443,3444,0,50
3444,3445,1,35
3445,3446,0,25
3446,3447,0,25
3447,3448,1,18
3448,3449,0,25
3449,3450,0,25
3450,3451,1,25
3451,3452,0,25
3452,3453,0,35
3453,3454,0,18
3454,3455,1,25
3455,3456,0,25
3456,3457,0,25
3457,3458,0,45
3458,3459,0,18
3459,3460,0,1
3460,3461,0,35
3461,3462,1,25
3462,3463,0,25
3463,3464,1,25
3464,3465,0,25
3465,3466,0,25
3466,3467,0,25
3467,3468,0,25
3468,3469,0,45
3469,3470,0,35
3470,3471,0,18
3471,3472,0,25
3472,3473,1,35
3473,3474,0,35
3474,3475,0,25
3475,3476,0,50
3476,3477,1,50
3477,3478,0,25
3478,3479,0,18
3479,3480,0,25
3480,3481,0,18
3481,3482,0,50
3482,3483,1,45
3483,3484,0,18
3484,3485,0,25
3485,3486,1,18
3486,3487,0,18
3487,3488,0,45
3488,3489,0,18
3489,3490,0,25
3490,3491,0,25
3491,3492,0,35
3492,3493,0,25
3493,3494,0,25
3494,3495,0,18
3495,3496,0,35
3496,3497,1,35
3497,3498,0,25
3498,3499,0,25
3499,3500,0,35
3500,3501,1,35
3501,3502,1,18
3502,3503,0,18
3503,3504,0,18
3504,3505,1,25
3505,3506,0,18
3506,3507,0,25
3507,3508,0,18
3508,3509,0,18
3509,3510,1,18
3510,3511,0,50
3511,3512,0,18
3512,3513,0,25
3513,3514,0,18
3514,3515,0,35
3515,3516,0,18
3516,3517,0,18
3517,3518,1,18
3518,3519,1,25
3519,3520,0,25
3520,3521,0,25
3521,3522,0,18
3522,3523,0,35
3523,3524,1,25
3524,3525,1,18
3525,3526,0,35
3526,3527,0,25
3527,3528,0,35
3528,3529,1,45
3529,3530,0,25
3530,3531,1,25
3531,3532,1,35
3532,3533,0,25
3533,3534,0,35
3534,3535,0,45
3535,3536,0,18
3536,3537,0,1
3537,3538,0,35
3538,3539,1,25
3539,3540,0,18
3540,3541,0,25
3541,3542,0,25
3542,3543,0,25
3543,3544,1,25
3544,3545,0,35
3545,3546,0,25
3546,3547,0,35
3547,3548,0,45
3548,3549,1,35
3549,3550,0,25
3550,3551,1,56
3551,3552,1,35
3552,3553,0,35
3553,3554,0,25
3554,3555,0,56
3555,3556,0,25
3556,3557,0,18
3557,3558,0,18
3558,3559,0,18
3559,3560,1,25
3560,3561,0,35
3561,3562,1,25
3562,3563,0,25
3563,3564,0,25
3564,3565,0,25
3565,3566,0,45
3566,3567,0,25
3567,3568,0,25
3568,3569,1,18
3569,3570,0,35
3570,3571,0,18
3571,3572,0,35
3572,3573,0,1
3573,3574,1,35
3574,3575,0,25
3575,3576,0,50
3576,3577,1,56
3577,3578,0,50
3578,3579,0,18
3579,3580,1,18
3580,3581,0,18
3581,3582,1,35
3582,3583,1,25
3583,3584,0,18
3584,3585,0,35
3585,3586,0,35
3586,3587,0,35
3587,3588,0,25
3588,3589,1,45
3589,3590,1,18
3590,3591,0,35
3591,3592,1,56
3592,3593,1,25
3593,3594,0,1
3594,3595,0,25
3595,3596,1,35
3596,3597,0,25
3597,3598,0,56
3598,3599,0,25
3599,3600,0,35
3600,3601,1,35
3601,3602,0,25
3602,3603,1,35
3603,3604,1,1
3604,3605,0,18
3605,3606,1,25
3606,3607,0,35
3607,3608,1,35
3608,3609,1,25
3609,3610,0,18
3610,3611,0,25
3611,3612,0,25
3612,3613,0,25
3613,3614,0,25
3614,3615,0,25
3615,3616,0,45
3616,3617,0,35
3617,3618,0,56
3618,3619,0,50
3619,3620,0,25
3620,3621,0,18
3621,3622,0,18
3622,3623,0,35
3623,3624,0,25
3624,3625,0,18
3625,3626,0,25
3626,3627,1,35
3627,3628,0,25
3628,3629,1,50
3629,3630,0,18
3630,3631,0,18
3631,3632,0,50
3632,3633,0,35
3633,3634,0,50
3634,3635,0,50
3635,3636,0,25
3636,3637,0,25
3637,3638,0,25
3638,3639,0,18
3639,3640,0,35
3640,3641,0,25
3641,3642,1,25
3642,3643,0,25
3643,3644,1,25
3644,3645,0,35
3645,3646,0,35
3646,3647,0,25
3647,3648,0,18
3648,3649,1,25
3649,3650,0,25
3650,3651,0,25
3651,3652,0,25
3652,3653,0,18
3653,3654,0,25
3654,3655,1,25
3655,3656,1,45
3656,3657,0,18
3657,3658,1,25
3658,3659,0,18
3659,3660,0,35
3660,3661,0,35
3661,3662,0,35
3662,3663,1,35
3663,3664,1,35
3664,3665,0,25
3665,3666,0,45
3666,3667,1,1
3667,3668,1,45
3668,3669,0,25
3669,3670,0,45
3670,3671,0,25
3671,3672,0,35
3672,3673,0,25
3673,3674,0,25
3674,3675,0,35
3675,3676,1,35
3676,3677,1,25
3677,3678,0,25
3678,3679,0,25
3679,3680,1,25
3680,3681,0,25
3681,3682,1,50
3682,3683,0,25
3683,3684,0,25
3684,3685,0,25
3685,3686,0,25
3686,3687,1,50
3687,3688,0,18
3688,3689,0,25
3689,3690,0,18
3690,3691,0,25
3691,3692,0,35
3692,3693,0,25
3693,3694,0,25
3694,3695,0,25
3695,3696,0,35
3696,3697,0,25
3697,3698,0,25
3698,3699,1,56
3699,3700,0,25
3700,3701,0,35
3701,3702,0,35
3702,3703,0,18
3703,3704,1,35
3704,3705,0,45
3705,3706,0,25
3706,3707,1,18
3707,3708,0,56
3708,3709,0,25
3709,3710,0,1
3710,3711,0,35
3711,3712,0,25
3712,3713,1,25
3713,3714,0,25
3714,3715,0,18
3715,3716,0,18
3716,3717,0,35
3717,3718,0,50
3718,3719,0,25
3719,3720,0,45
3720,3721,0,25
3721,3722,0,25
3722,3723,0,25
3723,3724,0,35
3724,3725,0,18
3725,3726,0,25
3726,3727,0,35
3727,3728,0,18
3728,3729,0,18
3729,3730,0,25
3730,3731,0,25
3731,3732,0,25
3732,3733,0,18
3733,3734,0,18
3734,3735,0,25
3735,3736,0,35
3736,3737,0,25
3737,3738,0,45
3738,3739,0,56
3739,3740,0,18
3740,3741,0,25
3741,3742,0,25
3742,3743,1,35
3743,3744,0,25
3744,3745,1,25
3745,3746,0,25
3746,3747,0,45
3747,3748,0,18
3748,3749,1,25
3749,3750,1,18
3750,3751,1,35
3751,3752,1,18
3752,3753,0,25
3753,3754,0,56
3754,3755,1,50
3755,3756,0,18
3756,3757,0,25
3757,3758,1,35
3758,3759,0,35
3759,3760,0,50
3760,3761,0,25
3761,3762,0,50
3762,3763,0,25
3763,3764,0,25
3764,3765,1,50
3765,3766,1,18
3766,3767,0,25
3767,3768,0,25
3768,3769,0,25
3769,3770,1,35
3770,3771,0,25
3771,3772,0,35
3772,3773,0,35
3773,3774,0,25
3774,3775,0,35
3775,3776,1,25
3776,3777,0,18
3777,3778,0,25
3778,3779,1,45
3779,3780,0,1
3780,3781,1,56
3781,3782,1,25
3782,3783,0,25
3783,3784,1,25
3784,3785,1,25
3785,3786,1,25
3786,3787,1,25
3787,3788,1,18
3788,3789,1,25
3789,3790,1,25
3790,3791,0,50
3791,3792,0,25
3792,3793,0,18
3793,3794,1,18
3794,3795,1,18
3795,3796,0,45
3796,3797,0,25
3797,3798,0,25
3798,3799,0,18
3799,3800,0,18
3800,3801,0,18
3801,3802,0,18
3802,3803,1,35
3803,3804,0,25
3804,3805,1,35
3805,3806,0,18
3806,3807,1,35
3807,3808,0,25
3808,3809,0,35
3809,3810,0,50
3810,3811,0,25
3811,3812,0,35
3812,3813,0,35
3813,3814,0,25
3814,3815,0,25
3815,3816,1,25
3816,3817,0,35
3817,3818,0,45
3818,3819,0,25
3819,3820,0,25
3820,3821,0,25
3821,3822,0,45
3822,3823,0,56
3823,3824,0,25
3824,3825,0,18
3825,3826,0,25
3826,3827,0,50
3827,3828,0,25
3828,3829,1,25
3829,3830,0,18
3830,3831,1,18
3831,3832,1,25
3832,3833,0,25
3833,3834,0,18
3834,3835,0,25
3835,3836,1,50
3836,3837,0,25
3837,3838,1,25
3838,3839,0,50
3839,3840,1,25
3840,3841,0,45
3841,3842,1,35
3842,3843,1,1
3843,3844,0,18
3844,3845,0,25
3845,3846,0,35
3846,3847,0,25
3847,3848,0,25
3848,3849,0,35
3849,3850,0,18
3850,3851,0,25
3851,3852,0,50
3852,3853,0,25
3853,3854,0,25
3854,3855,0,25
3855,3856,1,35
3856,3857,0,18
3857,3858,1,45
3858,3859,0,25
3859,3860,0,45
3860,3861,0,18
3861,3862,0,25
3862,3863,0,25
3863,3864,0,50
3864,3865,1,1
3865,3866,0,45
3866,3867,0,35
3867,3868,0,18
3868,3869,0,18
3869,3870,0,25
3870,3871,0,18
3871,3872,0,25
3872,3873,1,45
3873,3874,0,25
3874,3875,0,25
3875,3876,0,25
3876,3877,0,45
3877,3878,0,35
3878,3879,0,25
3879,3880,0,25
3880,3881,0,18
3881,3882,0,56
3882,3883,0,50
3883,3884,0,18
3884,3885,0,25
3885,3886,0,35
3886,3887,0,18
3887,3888,0,45
3888,3889,0,45
3889,3890,0,18
3890,3891,1,56
3891,3892,0,25
3892,3893,0,25
3893,3894,0,35
3894,3895,1,35
3895,3896,0,35
3896,3897,0,56
3897,3898,0,45
3898,3899,0,25
3899,3900,1,25
3900,3901,0,18
3901,3902,0,25
3902,3903,0,25
3903,3904,0,1
3904,3905,0,25
3905,3906,0,50
3906,3907,1,18
3907,3908,0,25
3908,3909,0,18
3909,3910,0,25
3910,3911,0,18
3911,3912,0,25
3912,3913,0,18
3913,3914,0,35
3914,3915,1,35
3915,3916,0,25
3916,3917,1,35
3917,3918,0,25
3918,3919,0,45
3919,3920,0,35
3920,3921,0,25
3921,3922,0,18
3922,3923,0,35
3923,3924,0,50
3924,3925,0,25
3925,3926,0,25
3926,3927,1,25
3927,3928,0,25
3928,3929,0,25
3929,3930,0,56
3930,3931,0,25
3931,3932,0,25
3932,3933,1,35
3933,3934,0,25
3934,3935,0,35
3935,3936,1,35
3936,3937,0,56
3937,3938,0,25
3938,3939,0,45
3939,3940,0,35
3940,3941,0,45
3941,3942,0,18
3942,3943,1,35
3943,3944,1,35
3944,3945,1,45
3945,3946,1,25
3946,3947,0,25
3947,3948,1,45
3948,3949,0,45
3949,3950,0,25
3950,3951,1,18
3951,3952,1,45
3952,3953,0,25
3953,3954,0,18
3954,3955,0,35
3955,3956,0,25
3956,3957,0,35
3957,3958,0,45
3958,3959,1,45
3959,3960,1,35
3960,3961,0,25
3961,3962,1,56
3962,3963,0,50
3963,3964,0,56
3964,3965,0,18
3965,3966,0,25
3966,3967,1,18
3967,3968,0,25
3968,3969,0,56
3969,3970,1,25
3970,3971,1,18
3971,3972,1,25
3972,3973,0,25
3973,3974,0,35
3974,3975,1,25
3975,3976,1,25
3976,3977,0,35
3977,3978,0,35
3978,3979,1,50
3979,3980,0,25
3980,3981,1,45
3981,3982,0,56
3982,3983,0,25
3983,3984,0,25
3984,3985,0,45
3985,3986,0,25
3986,3987,1,18
3987,3988,1,25
3988,3989,0,50
3989,3990,0,25
3990,3991,0,25
3991,3992,0,25
3992,3993,0,25
3993,3994,0,50
3994,3995,0,35
3995,3996,0,18
3996,3997,0,35
3997,3998,0,45
3998,3999,0,35
3999,4000,0,35
4000,4001,1,25
4001,4002,0,45
4002,4003,0,56
4003,4004,0,50
4004,4005,0,35
4005,4006,0,1
4006,4007,0,35
4007,4008,0,18
4008,4009,0,18
4009,4010,0,25
4010,4011,0,25
4011,4012,0,18
4012,4013,0,25
4013,4014,0,25
4014,4015,1,45
4015,4016,0,50
4016,4017,0,25
4017,4018,1,45
4018,4019,0,35
4019,4020,0,25
4020,4021,0,50
4021,4022,0,35
4022,4023,1,35
4023,4024,0,25
4024,4025,1,56
4025,4026,0,25
4026,4027,1,25
4027,4028,0,25
4028,4029,1,56
4029,4030,0,35
4030,4031,0,25
4031,4032,0,25
4032,4033,0,25
4033,4034,0,25
4034,4035,0,18
4035,4036,0,25
4036,4037,0,50
4037,4038,0,50
4038,4039,0,25
4039,4040,0,25
4040,4041,0,18
4041,4042,0,35
4042,4043,1,25
4043,4044,1,35
4044,4045,0,56
4045,4046,0,45
4046,4047,0,18
4047,4048,1,35
4048,4049,0,45
4049,4050,0,35
4050,4051,0,18
4051,4052,0,25
4052,4053,0,25
4053,4054,0,35
4054,4055,0,50
4055,4056,0,1
4056,4057,0,35
4057,4058,0,25
4058,4059,0,25
4059,4060,0,25
4060,4061,0,50
4061,4062,0,25
4062,4063,1,35
4063,4064,0,45
4064,4065,1,45
4065,4066,0,25
4066,4067,0,45
4067,4068,0,56
4068,4069,0,35
4069,4070,0,25
4070,4071,0,25
4071,4072,0,50
4072,4073,0,25
4073,4074,0,35
4074,4075,0,25
4075,4076,0,25
4076,4077,1,35
4077,4078,0,25
4078,4079,0,35
4079,4080,0,35
4080,4081,0,18
4081,4082,0,25
4082,4083,0,56
4083,4084,0,56
4084,4085,1,25
4085,4086,1,1
4086,4087,0,1
4087,4088,0,25
4088,4089,0,25
4089,4090,0,56
4090,4091,0,25
4091,4092,1,25
4092,4093,0,25
4093,4094,0,25
4094,4095,0,25
4095,4096,0,25
4096,4097,0,25
4097,4098,0,35
4098,4099,0,35
4099,4100,0,56
4100,4101,0,18
4101,4102,0,1
4102,4103,0,18
4103,4104,0,18
4104,4105,0,50
4105,4106,0,25
4106,4107,1,25
4107,4108,0,35
4108,4109,0,35
4109,4110,1,45
4110,4111,0,25
4111,4112,0,45
4112,4113,0,35
4113,4114,0,35
4114,4115,0,25
4115,4116,0,35
4116,4117,0,18
4117,4118,0,25
4118,4119,0,50
4119,4120,0,25
4120,4121,0,45
4121,4122,0,18
4122,4123,1,25
4123,4124,0,25
4124,4125,0,35
4125,4126,0,25
4126,4127,0,50
4127,4128,0,35
4128,4129,0,56
4129,4130,0,35
4130,4131,0,45
4131,4132,0,25
4132,4133,0,45
4133,4134,1,45
4134,4135,0,1
4135,4136,0,50
4136,4137,0,25
4137,4138,0,25
4138,4139,0,56
4139,4140,0,25
4140,4141,0,35
4141,4142,0,56
4142,4143,1,25
4143,4144,0,18
4144,4145,1,50
4145,4146,0,35
4146,4147,1,50
4147,4148,1,35
4148,4149,0,35
4149,4150,0,25
4150,4151,0,45
4151,4152,0,25
4152,4153,0,50
4153,4154,0,25
4154,4155,0,50
4155,4156,0,56
4156,4157,0,50
4157,4158,1,1
4158,4159,1,50
4159,4160,0,35
4160,4161,0,45
4161,4162,1,25
4162,4163,0,56
4163,4164,0,35
4164,4165,1,25
4165,4166,1,25
4166,4167,0,25
4167,4168,1,45
4168,4169,0,50
4169,4170,0,45
4170,4171,0,56
4171,4172,0,35
4172,4173,1,18
4173,4174,1,35
4174,4175,0,35
4175,4176,0,45
4176,4177,0,35
4177,4178,1,50
4178,4179,1,35
4179,4180,0,56
4180,4181,1,25
4181,4182,0,25
4182,4183,0,25
4183,4184,0,50
4184,4185,0,25
4185,4186,0,25
4186,4187,1,56
4187,4188,0,50
4188,4189,0,35
4189,4190,0,45
4190,4191,1,45
4191,4192,0,35
4192,4193,0,56
4193,4194,0,18
4194,4195,1,56
4195,4196,0,35
4196,4197,1,45
4197,4198,0,18
4198,4199,1,25
4199,4200,0,45
4200,4201,1,25
4201,4202,0,25
4202,4203,0,25
4203,4204,0,35
4204,4205,1,25
4205,4206,1,35
4206,4207,0,35
4207,4208,1,35
4208,4209,0,56
4209,4210,0,25
4210,4211,0,45
4211,4212,0,56
4212,4213,0,35
4213,4214,1,25
4214,4215,0,25
4215,4216,0,25
4216,4217,0,18
4217,4218,0,50
4218,4219,0,35
4219,4220,0,35
4220,4221,0,35
4221,4222,1,45
4222,4223,1,35
4223,4224,1,45
4224,4225,1,25
4225,4226,1,35
4226,4227,0,25
4227,4228,0,50
4228,4229,0,35
4229,4230,0,56
4230,4231,1,50
4231,4232,1,35
4232,4233,0,35
4233,4234,1,45
4234,4235,0,50
4235,4236,1,25
4236,4237,0,25
4237,4238,0,35
4238,4239,0,50
4239,4240,0,35
4240,4241,0,35
4241,4242,0,50
4242,4243,0,56
4243,4244,0,35
4244,4245,0,50
4245,4246,1,35
4246,4247,0,25
4247,4248,0,25
4248,4249,1,18
4249,4250,1,50
4250,4251,0,45
4251,4252,1,35
4252,4253,0,45
4253,4254,0,25
4254,4255,0,50
4255,4256,1,1
4256,4257,0,50
4257,4258,0,25
4258,4259,0,35
4259,4260,0,25
4260,4261,1,35
4261,4262,1,35
4262,4263,0,25
4263,4264,0,45
4264,4265,0,25
4265,4266,0,56
4266,4267,0,35
4267,4268,1,45
4268,4269,0,35
4269,4270,0,45
4270,4271,0,35
4271,4272,0,45
4272,4273,0,45
4273,4274,1,45
4274,4275,1,45
4275,4276,1,45
4276,4277,0,35
4277,4278,1,45
4278,4279,0,25
4279,4280,0,35
4280,4281,0,56
4281,4282,0,35
4282,4283,1,25
4283,4284,0,50
4284,4285,0,35
4285,4286,0,35
4286,4287,0,25
4287,4288,1,25
4288,4289,0,35
4289,4290,0,25
4290,4291,0,35
4291,4292,0,25
4292,4293,1,45
4293,4294,0,1
4294,4295,0,18
4295,4296,0,56
4296,4297,0,45
4297,4298,1,18
4298,4299,1,25
4299,4300,1,18
4300,4301,0,35
4301,4302,0,50
4302,4303,0,25
4303,4304,0,18
4304,4305,1,45
4305,4306,0,45
4306,4307,0,25
4307,4308,0,25
4308,4309,0,25
4309,4310,0,25
4310,4311,0,50
4311,4312,0,25
4312,4313,1,25
4313,4314,0,25
4314,4315,0,18
4315,4316,0,25
4316,4317,1,35
4317,4318,0,25
4318,4319,0,35
4319,4320,0,25
4320,4321,0,45
4321,4322,1,50
4322,4323,0,18
4323,4324,0,25
4324,4325,0,25
4325,4326,1,45
4326,4327,0,35
4327,4328,0,50
4328,4329,1,25
4329,4330,1,45
4330,4331,0,35
4331,4332,1,25
4332,4333,0,50
4333,4334,0,25
4334,4335,0,35
4335,4336,1,25
4336,4337,0,18
4337,4338,1,18
4338,4339,0,25
4339,4340,1,25
4340,4341,0,35
4341,4342,0,25
4342,4343,0,25
4343,4344,0,25
4344,4345,1,25
4345,4346,0,18
4346,4347,1,18
4347,4348,0,45
4348,4349,0,18
4349,4350,0,18
4350,4351,0,25
4351,4352,0,18
4352,4353,0,25
4353,4354,0,35
4354,4355,0,50
4355,4356,0,35
4356,4357,1,35
4357,4358,0,35
4358,4359,0,18
4359,4360,1,25
4360,4361,0,35
4361,4362,0,25
4362,4363,0,35
4363,4364,0,25
4364,4365,1,50
4365,4366,0,18
4366,4367,0,35
4367,4368,0,18
4368,4369,0,50
4369,4370,0,25
4370,4371,1,18
4371,4372,0,35
4372,4373,0,50
4373,4374,0,18
4374,4375,1,25
4375,4376,1,25
4376,4377,0,25
4377,4378,0,18
4378,4379,0,25
4379,4380,1,25
4380,4381,0,25
4381,4382,0,25
4382,4383,1,18
4383,4384,0,25
4384,4385,0,25
4385,4386,0,25
4386,4387,1,18
4387,4388,0,45
4388,4389,0,25
4389,4390,0,25
4390,4391,1,18
4391,4392,0,18
4392,4393,0,18
4393,4394,0,25
4394,4395,0,50
4395,4396,0,18
4396,4397,0,18
4397,4398,1,18
4398,4399,1,18
4399,4400,1,18
4400,4401,0,18
4401,4402,1,18
4402,4403,0,25
4403,4404,0,25
4404,4405,0,25
4405,4406,0,25
4406,4407,0,18
4407,4408,1,45
4408,4409,0,25
4409,4410,0,18
4410,4411,0,18
4411,4412,0,18
4412,4413,0,1
4413,4414,0,25
4414,4415,0,18
4415,4416,0,18
4416,4417,0,25
4417,4418,1,50
4418,4419,1,45
4419,4420,0,25
4420,4421,0,45
4421,4422,0,25
4422,4423,0,18
4423,4424,0,25
4424,4425,0,35
4425,4426,0,45
4426,4427,0,18
4427,4428,0,25
4428,4429,0,25
4429,4430,1,25
4430,4431,0,1
4431,4432,0,25
4432,4433,0,25
4433,4434,1,35
4434,4435,0,25
4435,4436,0,25
4436,4437,1,35
4437,4438,0,50
4438,4439,0,35
4439,4440,0,35
4440,4441,0,18
4441,4442,0,50
4442,4443,0,56
4443,4444,1,25
4444,4445,0,25
4445,4446,0,18
4446,4447,0,45
4447,4448,0,25
4448,4449,0,25
4449,4450,0,25
4450,4451,0,25
4451,4452,1,25
4452,4453,0,35
4453,4454,0,25
4454,4455,0,35
4455,4456,1,35
4456,4457,0,35
4457,4458,1,25
4458,4459,0,25
4459,4460,0,25
4460,4461,0,25
4461,4462,1,25
4462,4463,0,50
4463,4464,1,50
4464,4465,0,18
4465,4466,0,35
4466,4467,1,50
4467,4468,1,35
4468,4469,1,45
4469,4470,0,35
4470,4471,0,25
4471,4472,1,45
4472,4473,0,35
4473,4474,0,35
4474,4475,0,18
4475,4476,0,45
4476,4477,0,25
4477,4478,0,1
4478,4479,0,50
4479,4480,0,25
4480,4481,0,25
4481,4482,1,35
4482,4483,1,25
4483,4484,1,25
4484,4485,0,25
4485,4486,0,35
4486,4487,0,25
4487,4488,0,35
4488,4489,0,18
4489,4490,0,35
4490,4491,0,18
4491,4492,0,56
4492,4493,1,1
4493,4494,0,45
4494,4495,0,18
4495,4496,0,45
4496,4497,0,50
4497,4498,0,50
4498,4499,0,25
4499,4500,0,50
4500,4501,0,25
4501,4502,0,50
4502,4503,0,56
4503,4504,1,25
4504,4505,0,50
4505,4506,0,50
4506,4507,0,18
4507,4508,0,25
4508,4509,0,25
4509,4510,0,45
4510,4511,0,35
4511,4512,0,25
4512,4513,0,56
4513,4514,0,18
4514,4515,0,56
4515,4516,0,18
4516,4517,1,18
4517,4518,0,25
4518,4519,0,50
4519,4520,0,25
4520,4521,0,35
4521,4522,0,45
4522,4523,0,18
4523,4524,0,25
4524,4525,0,25
4525,4526,0,25
4526,4527,0,18
4527,4528,0,25
4528,4529,0,35
4529,4530,1,35
4530,4531,0,18
4531,4532,0,25
4532,4533,0,25
4533,4534,0,18
4534,4535,0,18
4535,4536,0,18
4536,4537,1,45
4537,4538,0,25
4538,4539,0,35
4539,4540,1,25
4540,4541,0,1
4541,4542,0,35
4542,4543,0,25
4543,4544,0,56
4544,4545,0,25
4545,4546,0,25
4546,4547,0,18
4547,4548,0,18
4548,4549,1,1
4549,4550,0,18
4550,4551,0,18
4551,4552,0,25
4552,4553,1,35
4553,4554,1,25
4554,4555,1,18
4555,4556,0,45
4556,4557,0,25
4557,4558,0,35
4558,4559,0,25
4559,4560,0,25
4560,4561,1,25
4561,4562,0,35
4562,4563,1,25
4563,4564,0,35
4564,4565,0,35
4565,4566,0,35
4566,4567,0,18
4567,4568,1,25
4568,4569,0,25
4569,4570,0,45
4570,4571,0,35
4571,4572,1,1
4572,4573,0,50
4573,4574,0,25
4574,4575,1,1
4575,4576,1,25
4576,4577,0,35
4577,4578,0,25
4578,4579,1,18
4579,4580,1,56
4580,4581,0,25
4581,4582,1,25
4582,4583,0,50
4583,4584,1,45
4584,4585,0,35
4585,4586,0,25
4586,4587,0,35
4587,4588,1,25
4588,4589,0,25
4589,4590,1,18
4590,4591,0,25
4591,4592,0,18
4592,4593,1,45
4593,4594,0,35
4594,4595,0,25
4595,4596,1,18
4596,4597,1,25
4597,4598,1,35
4598,4599,1,35
4599,4600,0,25
4600,4601,0,35
4601,4602,0,35
4602,4603,1,35
4603,4604,0,25
4604,4605,0,25
4605,4606,1,1
4606,4607,0,25
4607,4608,1,25
4608,4609,1,25
4609,4610,1,25
4610,4611,1,18
4611,4612,1,18
4612,4613,0,25
4613,4614,1,45
4614,4615,0,25
4615,4616,0,25
4616,4617,1,25
4617,4618,0,25
4618,4619,1,25
4619,4620,1,18
4620,4621,0,25
4621,4622,0,25
4622,4623,0,25
4623,4624,0,25
4624,4625,0,25
4625,4626,0,25
4626,4627,0,56
4627,4628,1,56
4628,4629,1,18
4629,4630,1,25
4630,4631,0,18
4631,4632,0,25
4632,4633,0,1
4633,4634,0,50
4634,4635,0,18
4635,4636,0,18
4636,4637,1,35
4637,4638,0,25
4638,4639,0,35
4639,4640,0,25
4640,4641,0,25
4641,4642,0,25
4642,4643,0,25
4643,4644,0,50
4644,4645,1,50
4645,4646,1,25
4646,4647,0,35
4647,4648,0,18
4648,4649,0,56
4649,4650,0,25
4650,4651,1,45
4651,4652,1,25
4652,4653,0,35
4653,4654,0,35
4654,4655,1,25
4655,4656,0,25
4656,4657,0,45
4657,4658,0,25
4658,4659,1,25
4659,4660,1,18
4660,4661,0,45
4661,4662,1,18
4662,4663,0,25
4663,4664,1,45
4664,4665,0,35
4665,4666,0,35
4666,4667,0,25
4667,4668,0,35
4668,4669,0,35
4669,4670,0,35
4670,4671,0,25
4671,4672,0,56
4672,4673,0,35
4673,4674,1,35
4674,4675,1,18
4675,4676,0,45
4676,4677,0,50
4677,4678,0,35
4678,4679,0,56
4679,4680,0,35
4680,4681,1,35
4681,4682,0,25
4682,4683,0,25
4683,4684,1,25
4684,4685,0,35
4685,4686,0,18
4686,4687,0,35
4687,4688,0,25
4688,4689,0,18
4689,4690,1,1
4690,4691,1,45
4691,4692,1,25
4692,4693,0,18
4693,4694,0,56
4694,4695,0,18
4695,4696,0,18
4696,4697,0,18
4697,4698,1,25
4698,4699,1,18
4699,4700,1,18
4700,4701,0,45
4701,4702,0,25
4702,4703,0,25
4703,4704,0,18
4704,4705,1,18
4705,4706,0,25
4706,4707,0,1
4707,4708,0,25
4708,4709,0,45
4709,4710,1,35
4710,4711,0,25
4711,4712,0,35
4712,4713,0,25
4713,4714,0,50
4714,4715,0,25
4715,4716,1,25
4716,4717,0,45
4717,4718,0,35
4718,4719,1,35
4719,4720,0,25
4720,4721,0,35
4721,4722,0,35
4722,4723,0,35
4723,4724,1,56
4724,4725,0,35
4725,4726,1,35
4726,4727,1,56
4727,4728,0,25
4728,4729,0,50
4729,4730,0,50
4730,4731,0,25
4731,4732,0,25
4732,4733,0,18
4733,4734,0,50
4734,4735,0,45
4735,4736,0,18
4736,4737,0,35
4737,4738,0,56
4738,4739,0,25
4739,4740,1,25
4740,4741,0,35
4741,4742,0,25
4742,4743,0,56
4743,4744,0,50
4744,4745,1,18
4745,4746,0,50
4746,4747,0,18
4747,4748,0,45
4748,4749,0,45
4749,4750,1,25
4750,4751,0,50
4751,4752,1,18
4752,4753,0,56
4753,4754,1,18
4754,4755,1,56
4755,4756,0,56
4756,4757,0,35
4757,4758,1,56
4758,4759,1,50
4759,4760,0,35
4760,4761,0,18
4761,4762,1,25
4762,4763,0,56
4763,4764,0,1
4764,4765,1,35
4765,4766,0,35
4766,4767,1,35
4767,4768,0,25
4768,4769,0,25
4769,4770,1,35
4770,4771,1,25
4771,4772,0,56
4772,4773,0,45
4773,4774,0,45
4774,4775,0,25
4775,4776,1,25
4776,4777,0,25
4777,4778,0,25
4778,4779,0,45
4779,4780,0,25
4780,4781,1,50
4781,4782,0,45
4782,4783,0,25
4783,4784,1,35
4784,4785,1,25
4785,4786,0,45
4786,4787,0,1
4787,4788,0,35
4788,4789,0,35
4789,4790,1,25
4790,4791,0,18
4791,4792,1,50
4792,4793,1,25
4793,4794,1,35
4794,4795,0,45
4795,4796,0,35
4796,4797,1,35
4797,4798,0,25
4798,4799,1,18
4799,4800,0,18
4800,4801,0,25
4801,4802,0,56
4802,4803,1,25
4803,4804,1,35
4804,4805,0,35
4805,4806,0,25
4806,4807,0,1
4807,4808,0,35
4808,4809,1,50
4809,4810,0,18
4810,4811,0,35
4811,4812,0,18
4812,4813,1,35
4813,4814,0,18
4814,4815,1,50
4815,4816,1,45
4816,4817,0,25
4817,4818,1,25
4818,4819,0,35
4819,4820,0,50
4820,4821,0,18
4821,4822,1,35
4822,4823,0,18
4823,4824,0,25
4824,4825,0,25
4825,4826,0,45
4826,4827,0,35
4827,4828,1,18
4828,4829,0,25
4829,4830,0,1
4830,4831,1,25
4831,4832,0,25
4832,4833,0,35
4833,4834,1,45
4834,4835,0,25
4835,4836,1,45
4836,4837,0,25
4837,4838,0,45
4838,4839,1,50
4839,4840,1,45
4840,4841,0,25
4841,4842,1,35
4842,4843,0,56
4843,4844,0,45
4844,4845,1,25
4845,4846,1,25
4846,4847,0,25
4847,4848,1,35
4848,4849,1,18
4849,4850,1,45
4850,4851,0,18
4851,4852,0,35
4852,4853,0,25
4853,4854,1,50
4854,4855,0,25
4855,4856,0,25
4856,4857,0,25
4857,4858,0,25
4858,4859,1,18
4859,4860,0,25
4860,4861,0,25
4861,4862,0,25
4862,4863,1,25
4863,4864,0,18
4864,4865,1,35
4865,4866,0,56
4866,4867,0,25
4867,4868,0,35
4868,4869,1,45
4869,4870,1,35
4870,4871,0,18
4871,4872,0,45
4872,4873,0,56
4873,4874,1,25
4874,4875,0,35
4875,4876,1,35
4876,4877,0,25
4877,4878,0,50
4878,4879,0,25
4879,4880,1,45
4880,4881,0,45
4881,4882,0,45
4882,4883,1,1
4883,4884,0,35
4884,4885,0,56
4885,4886,1,35
4886,4887,0,18
4887,4888,1,56
4888,4889,0,18
4889,4890,1,25
4890,4891,0,35
4891,4892,0,25
4892,4893,0,25
4893,4894,0,35
4894,4895,1,25
4895,4896,0,35
4896,4897,0,35
4897,4898,0,25
4898,4899,0,25
4899,4900,0,25
4900,4901,0,25
4901,4902,0,35
4902,4903,0,35
4903,4904,0,50
4904,4905,1,45
4905,4906,0,50
4906,4907,1,50
4907,4908,0,35
4908,4909,1,35
4909,4910,0,18
4910,4911,1,25
4911,4912,1,50
4912,4913,1,25
4913,4914,1,25
4914,4915,0,25
4915,4916,0,18
4916,4917,0,45
4917,4918,1,18
4918,4919,0,18
4919,4920,0,35
4920,4921,1,25
4921,4922,0,18
4922,4923,0,45
4923,4924,1,35
4924,4925,1,35
4925,4926,0,1
4926,4927,0,45
4927,4928,1,25
4928,4929,0,45
4929,4930,0,50
4930,4931,0,50
4931,4932,0,25
4932,4933,0,25
4933,4934,1,25
4934,4935,0,35
4935,4936,1,18
4936,4937,0,35
4937,4938,1,18
4938,4939,0,25
4939,4940,1,50
4940,4941,0,56
4941,4942,0,45
4942,4943,1,50
4943,4944,0,50
4944,4945,0,50
4945,4946,1,35
4946,4947,0,35
4947,4948,0,45
4948,4949,0,18
4949,4950,0,25
4950,4951,1,35
4951,4952,1,25
4952,4953,0,35
4953,4954,0,45
4954,4955,0,56
4955,4956,0,35
4956,4957,0,25
4957,4958,0,18
4958,4959,0,25
4959,4960,0,56
4960,4961,0,25
4961,4962,0,25
4962,4963,0,45
4963,4964,0,35
4964,4965,0,1
4965,4966,0,50
4966,4967,0,18
4967,4968,1,50
4968,4969,0,18
4969,4970,1,25
4970,4971,0,35
4971,4972,0,35
4972,4973,1,56
4973,4974,0,35
4974,4975,0,35
4975,4976,0,25
4976,4977,0,25
4977,4978,0,35
4978,4979,0,35
4979,4980,0,25
4980,4981,0,50
4981,4982,0,25
4982,4983,1,45
4983,4984,0,35
4984,4985,0,35
4985,4986,0,18
4986,4987,1,56
4987,4988,0,25
4988,4989,0,25
4989,4990,1,25
4990,4991,1,56
4991,4992,1,25
4992,4993,0,45
4993,4994,0,45
4994,4995,0,50
4995,4996,0,35
4996,4997,0,1
4997,4998,1,18
4998,4999,1,56
4999,5000,0,25
5000,5001,1,25
5001,5002,0,25
5002,5003,0,35
5003,5004,1,56
5004,5005,0,45
5005,5006,0,35
5006,5007,1,18
5007,5008,0,25
5008,5009,1,45
5009,5010,0,45
5010,5011,0,18
5011,5012,0,50
5012,5013,0,18
5013,5014,0,45
5014,5015,0,35
5015,5016,1,35
5016,5017,0,35
5017,5018,1,56
5018,5019,0,25
5019,5020,1,56
5020,5021,0,50
5021,5022,0,35
5022,5023,0,35
5023,5024,1,45
5024,5025,0,25
5025,5026,0,25
5026,5027,1,25
5027,5028,0,25
5028,5029,0,25
5029,5030,0,18
5030,5031,1,25
5031,5032,0,18
5032,5033,1,56
5033,5034,1,25
5034,5035,1,25
5035,5036,0,35
5036,5037,0,35
5037,5038,0,25
5038,5039,1,35
5039,5040,0,45
5040,5041,1,45
5041,5042,1,18
5042,5043,1,18
5043,5044,1,35
5044,5045,0,35
5045,5046,0,25
5046,5047,0,45
5047,5048,1,35
5048,5049,0,25
5049,5050,1,18
5050,5051,1,50
5051,5052,0,35
5052,5053,0,25
5053,5054,0,35
5054,5055,1,35
5055,5056,0,45
5056,5057,0,50
5057,5058,0,56
5058,5059,0,45
5059,5060,0,45
5060,5061,1,18
5061,5062,0,50
5062,5063,1,1
5063,5064,0,18
5064,5065,0,25
5065,5066,1,25
5066,5067,0,56
5067,5068,0,35
5068,5069,1,56
5069,5070,0,25
5070,5071,1,25
5071,5072,0,45
5072,5073,0,56
5073,5074,0,1
5074,5075,0,50
5075,5076,0,25
5076,5077,0,25
5077,5078,0,45
5078,5079,0,25
5079,5080,1,50
5080,5081,1,18
5081,5082,0,35
5082,5083,0,25
5083,5084,0,18
5084,5085,0,56
5085,5086,0,25
5086,5087,1,25
5087,5088,0,25
5088,5089,1,35
5089,5090,1,35
5090,5091,0,25
5091,5092,0,56
5092,5093,0,50
5093,5094,0,18
5094,5095,1,35
5095,5096,0,25
5096,5097,0,56
5097,5098,0,50
5098,5099,0,18
5099,5100,0,50
5100,5101,0,25
5101,5102,0,25
5102,5103,1,35
5103,5104,0,35
5104,5105,0,50
5105,5106,1,35
5106,5107,1,45
5107,5108,1,25
5108,5109,1,45
5109,5110,0,35
5110,5111,0,35
5111,5112,0,35
5112,5113,0,25
5113,5114,1,1
5114,5115,0,56
5115,5116,0,35
5116,5117,1,25
5117,5118,0,1
5118,5119,1,25
5119,5120,0,50
5120,5121,0,25
5121,5122,0,25
5122,5123,0,50
5123,5124,0,35
5124,5125,0,45
5125,5126,0,25
5126,5127,0,45
5127,5128,0,50
5128,5129,0,45
5129,5130,1,50
5130,5131,1,25
5131,5132,0,35
5132,5133,0,18
5133,5134,0,25
5134,5135,0,35
5135,5136,0,25
5136,5137,0,18
5137,5138,0,25
5138,5139,0,50
5139,5140,0,25
5140,5141,0,18
5141,5142,0,25
5142,5143,0,18
5143,5144,1,50
5144,5145,0,35
5145,5146,0,56
5146,5147,0,18
5147,5148,0,25
5148,5149,0,35
5149,5150,0,25
5150,5151,0,18
5151,5152,1,25
5152,5153,0,25
5153,5154,0,25
5154,5155,0,25
5155,5156,0,18
5156,5157,0,35
5157,5158,1,18
5158,5159,0,35
5159,5160,1,18
5160,5161,0,25
5161,5162,0,25
5162,5163,0,45
5163,5164,1,35
5164,5165,0,35
5165,5166,0,50
5166,5167,0,18
5167,5168,0,35
5168,5169,1,50
5169,5170,0,18
5170,5171,0,56
5171,5172,1,35
5172,5173,0,1
5173,5174,0,45
5174,5175,1,35
5175,5176,0,1
5176,5177,0,45
5177,5178,0,50
5178,5179,0,25
5179,5180,0,35
5180,5181,0,25
5181,5182,1,35
5182,5183,1,18
5183,5184,0,18
5184,5185,1,35
5185,5186,0,35
5186,5187,0,18
5187,5188,1,35
5188,5189,1,45
5189,5190,1,35
5190,5191,1,25
5191,5192,0,25
5192,5193,0,35
5193,5194,0,25
5194,5195,0,35
5195,5196,0,56
5196,5197,1,56
5197,5198,1,18
5198,5199,1,25
5199,5200,1,35
5200,5201,0,50
5201,5202,0,18
5202,5203,1,45
5203,5204,0,50
5204,5205,0,25
5205,5206,0,35
5206,5207,0,25
5207,5208,0,25
5208,5209,0,50
5209,5210,1,35
5210,5211,0,25
5211,5212,0,18
5212,5213,0,18
5213,5214,1,35
5214,5215,1,56
5215,5216,0,18
5216,5217,0,25
5217,5218,0,18
5218,5219,0,18
5219,5220,0,25
5220,5221,1,56
5221,5222,0,25
5222,5223,0,56
5223,5224,0,35
5224,5225,0,18
5225,5226,0,35
5226,5227,0,18
5227,5228,0,1
5228,5229,0,25
5229,5230,0,25
5230,5231,0,35
5231,5232,0,25
5232,5233,0,25
5233,5234,1,25
5234,5235,0,25
5235,5236,0,25
5236,5237,0,25
5237,5238,1,50
5238,5239,0,35
5239,5240,1,25
5240,5241,1,25
5241,5242,0,25
5242,5243,0,1
5243,5244,0,18
5244,5245,1,45
5245,5246,1,18
5246,5247,1,1
5247,5248,1,45
5248,5249,1,45
5249,5250,0,50
5250,5251,1,25
5251,5252,0,25
5252,5253,1,56
5253,5254,0,18
5254,5255,0,1
5255,5256,0,25
5256,5257,1,25
5257,5258,0,35
5258,5259,0,25
5259,5260,0,35
5260,5261,0,35
5261,5262,1,25
5262,5263,0,35
5263,5264,0,18
5264,5265,0,45
5265,5266,0,35
5266,5267,0,35
5267,5268,1,25
5268,5269,0,18
5269,5270,0,25
5270,5271,1,25
5271,5272,0,25
5272,5273,0,56
5273,5274,0,25
5274,5275,0,25
5275,5276,1,25
5276,5277,0,25
5277,5278,1,25
5278,5279,1,25
5279,5280,0,18
5280,5281,0,25
5281,5282,1,18
5282,5283,0,18
5283,5284,0,25
5284,5285,0,18
5285,5286,0,45
5286,5287,0,25
5287,5288,0,56
5288,5289,0,45
5289,5290,1,18
5290,5291,0,45
5291,5292,0,25
5292,5293,0,25
5293,5294,0,25
5294,5295,0,35
5295,5296,1,1
5296,5297,0,25
5297,5298,0,35
5298,5299,0,25
5299,5300,0,25
5300,5301,0,25
5301,5302,1,1
5302,5303,1,56
5303,5304,1,35
5304,5305,1,18
5305,5306,1,25
5306,5307,0,25
5307,5308,0,56
5308,5309,0,25
5309,5310,1,56
5310,5311,0,50
5311,5312,0,25
5312,5313,0,56
5313,5314,1,25
5314,5315,0,25
5315,5316,0,18
5316,5317,1,25
5317,5318,0,18
5318,5319,0,18
5319,5320,1,18
5320,5321,0,25
5321,5322,0,35
5322,5323,0,25
5323,5324,0,25
5324,5325,1,50
5325,5326,0,25
5326,5327,0,25
5327,5328,1,25
5328,5329,1,25
5329,5330,1,25
5330,5331,0,35
5331,5332,0,18
5332,5333,1,25
5333,5334,1,56
5334,5335,0,25
5335,5336,0,56
5336,5337,1,35
5337,5338,0,25
5338,5339,0,18
5339,5340,1,50
5340,5341,1,25
5341,5342,1,35
5342,5343,1,25
5343,5344,1,50
5344,5345,1,25
5345,5346,1,25
5346,5347,0,25
5347,5348,0,18
5348,5349,1,50
5349,5350,0,18
5350,5351,1,45
5351,5352,1,35
5352,5353,0,25
5353,5354,1,45
5354,5355,0,56
5355,5356,0,45
5356,5357,1,18
5357,5358,0,35
5358,5359,0,18
5359,5360,0,18
5360,5361,1,50
5361,5362,0,35
5362,5363,0,56
5363,5364,1,25
5364,5365,0,18
5365,5366,0,18
5366,5367,0,18
5367,5368,1,25
5368,5369,0,25
5369,5370,0,25
5370,5371,0,25
5371,5372,0,25
5372,5373,0,18
5373,5374,0,35
5374,5375,0,25
5375,5376,0,25
5376,5377,1,18
5377,5378,0,35
5378,5379,0,25
5379,5380,0,18
5380,5381,0,25
5381,5382,0,18
5382,5383,0,35
5383,5384,1,25
5384,5385,0,25
5385,5386,0,25
5386,5387,1,25
5387,5388,1,18
5388,5389,0,45
5389,5390,0,1
5390,5391,0,25
5391,5392,0,50
5392,5393,0,35
5393,5394,0,18
5394,5395,0,50
5395,5396,0,25
5396,5397,0,18
5397,5398,0,56
5398,5399,0,25
5399,5400,1,18
5400,5401,1,18
5401,5402,1,25
5402,5403,0,1
5403,5404,0,25
5404,5405,1,50
5405,5406,1,35
5406,5407,1,35
5407,5408,0,25
5408,5409,0,45
5409,5410,1,45
5410,5411,1,1
5411,5412,0,25
5412,5413,0,35
5413,5414,0,1
5414,5415,1,25
5415,5416,1,25
5416,5417,0,18
5417,5418,1,25
5418,5419,1,18
5419,5420,1,1
5420,5421,0,35
5421,5422,0,50
5422,5423,1,50
5423,5424,1,35
5424,5425,0,18
5425,5426,0,25
5426,5427,0,35
5427,5428,1,25
5428,5429,1,25
5429,5430,1,45
5430,5431,0,56
5431,5432,0,56
5432,5433,1,35
5433,5434,1,25
5434,5435,0,45
5435,5436,0,18
5436,5437,0,25
5437,5438,0,25
5438,5439,0,56
5439,5440,1,45
5440,5441,0,50
5441,5442,0,25
5442,5443,0,25
5443,5444,1,18
5444,5445,0,25
5445,5446,1,50
5446,5447,0,45
5447,5448,0,45
5448,5449,0,18
5449,5450,0,18
5450,5451,1,25
5451,5452,0,35
5452,5453,0,18
5453,5454,0,35
5454,5455,1,18
5455,5456,0,35
5456,5457,0,18
5457,5458,1,18
5458,5459,1,1
5459,5460,0,18
5460,5461,0,50
5461,5462,0,25
5462,5463,0,35
5463,5464,0,35
5464,5465,1,25
5465,5466,0,25
5466,5467,0,35
5467,5468,0,25
5468,5469,0,35
5469,5470,0,56
5470,5471,0,18
5471,5472,0,35
5472,5473,0,25
5473,5474,0,25
5474,5475,0,25
5475,5476,1,35
5476,5477,0,35
5477,5478,0,35
5478,5479,0,35
5479,5480,1,25
5480,5481,0,45
5481,5482,0,18
5482,5483,1,25
5483,5484,0,45
5484,5485,0,25
5485,5486,0,25
5486,5487,0,25
5487,5488,0,25
5488,5489,0,18
5489,5490,0,45
5490,5491,0,18
5491,5492,0,18
5492,5493,0,35
5493,5494,1,35
5494,5495,1,18
5495,5496,0,25
5496,5497,0,25
5497,5498,1,50
5498,5499,1,25
5499,5500,1,35
5500,5501,0,25
5501,5502,0,25
5502,5503,1,25
5503,5504,0,45
5504,5505,1,25
5505,5506,1,18
5506,5507,0,45
5507,5508,0,25
5508,5509,0,25
5509,5510,0,18
5510,5511,0,45
5511,5512,1,25
5512,5513,0,35
5513,5514,1,1
5514,5515,0,18
5515,5516,1,50
5516,5517,0,56
5517,5518,0,50
5518,5519,0,35
5519,5520,0,45
5520,5521,1,25
5521,5522,0,25
5522,5523,0,35
5523,5524,1,1
5524,5525,1,1
5525,5526,1,35
5526,5527,0,25
5527,5528,0,50
5528,5529,0,18
5529,5530,1,18
5530,5531,0,50
5531,5532,0,25
5532,5533,1,50
5533,5534,0,45
5534,5535,0,25
5535,5536,0,25
5536,5537,1,56
5537,5538,0,45
5538,5539,1,25
5539,5540,0,35
5540,5541,0,56
5541,5542,0,45
5542,5543,0,25
5543,5544,0,25
5544,5545,1,35
5545,5546,0,18
5546,5547,1,18
5547,5548,1,18
5548,5549,1,50
5549,5550,0,35
5550,5551,1,35
5551,5552,0,50
5552,5553,0,35
5553,5554,0,25
5554,5555,0,1
5555,5556,0,45
5556,5557,0,35
5557,5558,0,1
5558,5559,0,50
5559,5560,1,35
5560,5561,1,25
5561,5562,1,35
5562,5563,1,25
5563,5564,0,45
5564,5565,0,18
5565,5566,0,35
5566,5567,0,50
5567,5568,0,18
5568,5569,1,18
5569,5570,0,25
5570,5571,1,25
5571,5572,1,25
5572,5573,1,35
5573,5574,0,25
5574,5575,0,35
5575,5576,0,25
5576,5577,0,50
5577,5578,1,18
5578,5579,1,35
5579,5580,0,45
5580,5581,0,25
5581,5582,0,45
5582,5583,0,56
5583,5584,1,50
5584,5585,0,25
5585,5586,0,35
5586,5587,0,25
5587,5588,1,25
5588,5589,1,25
5589,5590,1,45
5590,5591,0,18
5591,5592,0,25
5592,5593,0,50
5593,5594,1,45
5594,5595,0,25
5595,5596,0,35
5596,5597,1,18
5597,5598,0,18
5598,5599,0,35
5599,5600,1,45
5600,5601,0,35
5601,5602,0,35
5602,5603,0,50
5603,5604,0,35
5604,5605,1,18
5605,5606,1,25
5606,5607,0,18
5607,5608,0,18
5608,5609,1,50
5609,5610,1,25
5610,5611,1,35
5611,5612,1,25
5612,5613,1,35
5613,5614,0,25
5614,5615,0,35
5615,5616,0,45
5616,5617,0,25
5617,5618,1,18
5618,5619,1,18
5619,5620,0,35
5620,5621,0,25
5621,5622,0,35
5622,5623,0,25
5623,5624,0,25
5624,5625,0,25
5625,5626,0,56
5626,5627,0,25
5627,5628,0,18
5628,5629,0,25
5629,5630,0,35
5630,5631,0,35
5631,5632,1,18
5632,5633,0,50
5633,5634,0,25
5634,5635,1,35
5635,5636,0,25
5636,5637,0,1
5637,5638,0,18
5638,5639,1,18
5639,5640,0,35
5640,5641,1,25
5641,5642,0,1
5642,5643,1,35
5643,5644,1,18
5644,5645,0,25
5645,5646,0,18
5646,5647,0,18
5647,5648,0,25
5648,5649,1,18
5649,5650,1,35
5650,5651,1,25
5651,5652,0,18
5652,5653,0,50
5653,5654,0,25
5654,5655,1,25
5655,5656,0,25
5656,5657,0,50
5657,5658,0,56
5658,5659,0,25
5659,5660,0,25
5660,5661,1,25
5661,5662,0,1
5662,5663,1,35
5663,5664,0,18
5664,5665,0,18
5665,5666,0,18
5666,5667,0,35
5667,5668,1,25
5668,5669,0,56
5669,5670,0,18
5670,5671,0,25
5671,5672,1,25
5672,5673,1,35
5673,5674,0,35
5674,5675,0,35
5675,5676,0,25
5676,5677,0,25
5677,5678,0,35
5678,5679,0,35
5679,5680,0,50
5680,5681,1,25
5681,5682,0,18
5682,5683,1,18
5683,5684,0,18
5684,5685,0,25
5685,5686,0,56
5686,5687,1,1
5687,5688,1,18
5688,5689,0,25
5689,5690,0,18
5690,5691,0,35
5691,5692,1,25
5692,5693,1,25
5693,5694,1,25
5694,5695,1,35
5695,5696,1,25
5696,5697,0,25
5697,5698,0,35
5698,5699,0,35
5699,5700,1,18
5700,5701,0,25
5701,5702,0,18
5702,5703,0,56
5703,5704,1,18
5704,5705,1,18
5705,5706,0,18
5706,5707,0,25
5707,5708,0,35
5708,5709,0,18
5709,5710,0,25
5710,5711,0,25
5711,5712,0,35
5712,5713,1,50
5713,5714,0,35
5714,5715,0,18
5715,5716,0,1
5716,5717,0,25
5717,5718,1,35
5718,5719,0,56
5719,5720,0,25
5720,5721,0,45
5721,5722,0,25
5722,5723,0,18
5723,5724,0,25
5724,5725,0,18
5725,5726,0,25
5726,5727,0,25
5727,5728,1,35
5728,5729,0,18
5729,5730,0,18
5730,5731,1,25
5731,5732,1,25
5732,5733,0,25
5733,5734,1,25
5734,5735,0,25
5735,5736,0,25
5736,5737,0,45
5737,5738,0,25
5738,5739,0,25
5739,5740,0,25
5740,5741,0,50
5741,5742,1,25
5742,5743,1,35
5743,5744,1,25
5744,5745,1,18
5745,5746,0,18
5746,5747,0,25
5747,5748,0,25
5748,5749,0,25
5749,5750,0,18
5750,5751,1,1
5751,5752,1,56
5752,5753,0,18
5753,5754,1,18
5754,5755,1,35
5755,5756,1,1
5756,5757,0,1
5757,5758,1,50
5758,5759,1,25
5759,5760,0,18
5760,5761,0,25
5761,5762,1,35
5762,5763,1,25
5763,5764,1,50
5764,5765,0,25
5765,5766,0,56
5766,5767,0,25
5767,5768,1,1
5768,5769,0,45
5769,5770,0,25
5770,5771,0,25
5771,5772,0,35
5772,5773,0,25
5773,5774,0,18
5774,5775,0,25
5775,5776,0,18
5776,5777,0,1
5777,5778,0,35
5778,5779,0,25
5779,5780,0,18
5780,5781,0,25
5781,5782,1,35
5782,5783,1,45
5783,5784,0,18
5784,5785,1,25
5785,5786,0,25
5786,5787,0,25
5787,5788,0,25
5788,5789,0,25
5789,5790,1,35
5790,5791,0,18
5791,5792,0,25
5792,5793,0,25
5793,5794,0,35
5794,5795,0,25
5795,5796,1,25
5796,5797,0,25
5797,5798,0,35
5798,5799,0,25
5799,5800,0,35
5800,5801,0,25
5801,5802,1,25
5802,5803,0,1
5803,5804,1,35
5804,5805,1,25
5805,5806,1,50
5806,5807,0,35
5807,5808,1,25
5808,5809,0,25
5809,5810,0,50
5810,5811,0,18
5811,5812,1,25
5812,5813,0,25
5813,5814,0,25
5814,5815,0,25
5815,5816,0,25
5816,5817,0,25
5817,5818,0,25
5818,5819,0,50
5819,5820,0,45
5820,5821,0,25
5821,5822,1,35
5822,5823,0,25
5823,5824,0,18
5824,5825,1,25
5825,5826,0,18
5826,5827,0,25
5827,5828,0,25
5828,5829,1,25
5829,5830,1,18
5830,5831,0,25
5831,5832,1,25
5832,5833,1,35
5833,5834,0,56
5834,5835,1,35
5835,5836,0,25
5836,5837,0,25
5837,5838,1,45
5838,5839,0,25
5839,5840,1,1
5840,5841,1,35
5841,5842,0,25
5842,5843,0,35
5843,5844,1,1
5844,5845,1,25
5845,5846,0,45
5846,5847,1,18
5847,5848,0,50
5848,5849,0,35
5849,5850,1,25
5850,5851,1,18
5851,5852,1,25
5852,5853,0,50
5853,5854,0,45
5854,5855,0,50
5855,5856,1,25
5856,5857,1,45
5857,5858,0,25
5858,5859,0,25
5859,5860,1,25
5860,5861,1,50
5861,5862,1,25
5862,5863,1,25
5863,5864,1,50
5864,5865,0,25
5865,5866,1,25
5866,5867,1,45
5867,5868,0,35
5868,5869,1,25
5869,5870,0,25
5870,5871,1,25
5871,5872,0,25
5872,5873,0,18
5873,5874,0,25
5874,5875,0,25
5875,5876,0,50
5876,5877,0,18
5877,5878,1,25
5878,5879,0,35
5879,5880,0,25
5880,5881,0,35
5881,5882,0,35
5882,5883,1,18
5883,5884,0,18
5884,5885,0,25
5885,5886,0,25
5886,5887,1,35
5887,5888,0,25
5888,5889,0,50
5889,5890,0,35
5890,5891,0,18
5891,5892,0,45
5892,5893,0,25
5893,5894,0,35
5894,5895,0,25
5895,5896,0,25
5896,5897,0,25
5897,5898,1,18
5898,5899,0,35
5899,5900,0,25
5900,5901,1,35
5901,5902,0,50
5902,5903,0,25
5903,5904,1,45
5904,5905,1,35
5905,5906,1,18
5906,5907,0,25
5907,5908,0,25
5908,5909,0,18
5909,5910,1,45
5910,5911,1,25
5911,5912,0,25
5912,5913,1,18
5913,5914,0,35
5914,5915,0,18
5915,5916,0,50
5916,5917,1,50
5917,5918,0,25
5918,5919,0,18
5919,5920,1,25
5920,5921,0,25
5921,5922,0,56
5922,5923,0,25
5923,5924,0,35
5924,5925,1,25
5925,5926,1,50
5926,5927,0,35
5927,5928,0,45
5928,5929,1,35
5929,5930,1,35
5930,5931,1,18
5931,5932,0,18
5932,5933,0,25
5933,5934,0,25
5934,5935,0,18
5935,5936,0,18
5936,5937,0,25
5937,5938,0,25
5938,5939,1,45
5939,5940,0,50
5940,5941,1,25
5941,5942,0,45
5942,5943,1,45
5943,5944,1,18
5944,5945,1,35
5945,5946,1,56
5946,5947,1,45
5947,5948,0,56
5948,5949,0,18
5949,5950,0,25
5950,5951,0,18
5951,5952,1,45
5952,5953,0,1
5953,5954,0,45
5954,5955,1,25
5955,5956,1,18
5956,5957,0,18
5957,5958,0,45
5958,5959,1,18
5959,5960,1,45
5960,5961,1,45
5961,5962,0,35
5962,5963,0,25
5963,5964,0,18
5964,5965,0,25
5965,5966,1,35
5966,5967,0,50
5967,5968,0,56
5968,5969,0,45
5969,5970,0,35
5970,5971,0,35
5971,5972,1,25
5972,5973,0,1
5973,5974,1,25
5974,5975,0,25
5975,5976,1,25
5976,5977,0,35
5977,5978,0,35
5978,5979,0,25
5979,5980,0,56
5980,5981,0,35
5981,5982,0,35
5982,5983,0,25
5983,5984,0,25
5984,5985,1,18
5985,5986,1,56
5986,5987,0,25
5987,5988,0,25
5988,5989,1,1
5989,5990,1,25
5990,5991,1,35
5991,5992,1,18
5992,5993,1,50
5993,5994,0,35
5994,5995,1,35
5995,5996,1,25
5996,5997,1,25
5997,5998,0,18
5998,5999,1,25
5999,6000,0,45
6000,6001,1,25
6001,6002,0,50
6002,6003,1,45
6003,6004,1,25
6004,6005,1,25
6005,6006,1,1
6006,6007,0,35
6007,6008,0,18
6008,6009,1,25
6009,6010,0,35
6010,6011,0,35
6011,6012,0,35
6012,6013,1,25
6013,6014,0,45
6014,6015,1,25
6015,6016,0,45
6016,6017,1,35
6017,6018,0,35
6018,6019,0,25
6019,6020,0,50
6020,6021,0,25
6021,6022,0,25
6022,6023,0,25
6023,6024,0,25
6024,6025,1,25
6025,6026,0,35
6026,6027,0,18
6027,6028,0,18
6028,6029,1,25
6029,6030,0,25
6030,6031,1,18
6031,6032,0,45
6032,6033,0,50
6033,6034,0,25
6034,6035,1,25
6035,6036,1,25
6036,6037,1,45
6037,6038,1,56
6038,6039,1,45
6039,6040,0,25
